pna_frequency_axis,pna_power,pna_tr1_linear_magnitude,pna_tr1_magnitude,pna_tr1_phase,pna_tr1_unwrapped_phase
3648180000.0,-30.0,2.826272487640381,9.024280548095703,-73.64959716796875,-73.64959716796875
3648220000.0,-30.0,2.8245561122894287,9.019003868103027,-74.31656646728516,-74.31656646728516
3648260000.0,-30.0,2.820476531982422,9.006450653076172,-75.05683898925781,-75.05683898925781
3648300000.0,-30.0,2.8147470951080322,8.988787651062012,-75.57940673828125,-75.57940673828125
3648340000.0,-30.0,2.8155741691589355,8.991339683532715,-76.16757202148438,-76.16757202148438
3648380000.0,-30.0,2.8122308254241943,8.981019020080566,-76.85908508300781,-76.85908508300781
3648420000.0,-30.0,2.8173460960388184,8.996804237365723,-77.49527740478516,-77.49527740478516
3648460000.0,-30.0,2.8058359622955322,8.9612455368042,-78.06255340576172,-78.06255340576172
3648500000.0,-30.0,2.803131580352783,8.95287036895752,-78.54769897460938,-78.54769897460938
3648540000.0,-30.0,2.798112392425537,8.93730354309082,-79.26387023925781,-79.26387023925781
3648580000.0,-30.0,2.790349245071411,8.913171768188477,-79.95384979248047,-79.95384979248047
3648620000.0,-30.0,2.787555456161499,8.904470443725586,-80.40201568603516,-80.40201568603516
3648660000.0,-30.0,2.781937837600708,8.886948585510254,-81.08689880371094,-81.08689880371094
3648700000.0,-30.0,2.785735607147217,8.898797988891602,-81.63130950927734,-81.63130950927734
3648740000.0,-30.0,2.780247449874878,8.881669044494629,-82.417236328125,-82.417236328125
3648780000.0,-30.0,2.7792904376983643,8.878679275512695,-83.00248718261719,-83.00248718261719
3648820000.0,-30.0,2.778653860092163,8.876688957214355,-83.59600067138672,-83.59600067138672
3648860000.0,-30.0,2.7719035148620605,8.855562210083008,-84.25802612304688,-84.25802612304688
3648900000.0,-30.0,2.770261764526367,8.85041618347168,-84.70085144042969,-84.70085144042969
3648940000.0,-30.0,2.7665767669677734,8.838854789733887,-85.41154479980469,-85.41154479980469
3648980000.0,-30.0,2.7645797729492188,8.832582473754883,-86.11480712890625,-86.11480712890625
3649020000.0,-30.0,2.769519805908203,8.848089218139648,-86.79960632324219,-86.79960632324219
3649060000.0,-30.0,2.7604973316192627,8.819746971130371,-87.34239196777344,-87.34239196777344
3649100000.0,-30.0,2.7625763416290283,8.826286315917969,-88.060302734375,-88.060302734375
3649140000.0,-30.0,2.764723062515259,8.833032608032227,-88.633544921875,-88.633544921875
3649180000.0,-30.0,2.7613067626953125,8.822293281555176,-89.30347442626953,-89.30347442626953
3649220000.0,-30.0,2.7570719718933105,8.808961868286133,-89.93867492675781,-89.93867492675781
3649260000.0,-30.0,2.755155324935913,8.802921295166016,-90.54850006103516,-90.54850006103516
3649300000.0,-30.0,2.751858949661255,8.792523384094238,-91.0822525024414,-91.0822525024414
3649340000.0,-30.0,2.743732213973999,8.766834259033203,-91.7603530883789,-91.7603530883789
3649380000.0,-30.0,2.739888906478882,8.754659652709961,-92.26651000976562,-92.26651000976562
3649420000.0,-30.0,2.7340993881225586,8.736286163330078,-92.96468353271484,-92.96468353271484
3649460000.0,-30.0,2.7270455360412598,8.713848114013672,-93.51519012451172,-93.51519012451172
3649500000.0,-30.0,2.721403121948242,8.695858001708984,-94.07599639892578,-94.07599639892578
3649540000.0,-30.0,2.727972984313965,8.716800689697266,-94.79592895507812,-94.79592895507812
3649580000.0,-30.0,2.7254838943481445,8.708871841430664,-95.41570281982422,-95.41570281982422
3649620000.0,-30.0,2.717556953430176,8.683573722839355,-96.0491943359375,-96.0491943359375
3649660000.0,-30.0,2.7157440185546875,8.677776336669922,-96.6900863647461,-96.6900863647461
3649700000.0,-30.0,2.7148005962371826,8.674758911132812,-97.18988800048828,-97.18988800048828
3649740000.0,-30.0,2.710015296936035,8.659435272216797,-97.8597640991211,-97.8597640991211
3649780000.0,-30.0,2.704765558242798,8.642592430114746,-98.57193756103516,-98.57193756103516
3649820000.0,-30.0,2.7067761421203613,8.649046897888184,-99.22405242919922,-99.22405242919922
3649860000.0,-30.0,2.709557056427002,8.657965660095215,-99.79556274414062,-99.79556274414062
3649900000.0,-30.0,2.7062220573425293,8.647268295288086,-100.44666290283203,-100.44666290283203
3649940000.0,-30.0,2.7049622535705566,8.643224716186523,-101.08759307861328,-101.08759307861328
3649980000.0,-30.0,2.703369140625,8.638107299804688,-101.73564147949219,-101.73564147949219
3650020000.0,-30.0,2.704655647277832,8.642239570617676,-102.32955932617188,-102.32955932617188
3650060000.0,-30.0,2.696981430053711,8.617558479309082,-102.93281555175781,-102.93281555175781
3650100000.0,-30.0,2.694634199142456,8.60999584197998,-103.6181869506836,-103.6181869506836
3650140000.0,-30.0,2.6895334720611572,8.593539237976074,-104.23860168457031,-104.23860168457031
3650180000.0,-30.0,2.690150737762451,8.595532417297363,-104.80258178710938,-104.80258178710938
3650220000.0,-30.0,2.676433563232422,8.551129341125488,-105.32173919677734,-105.32173919677734
3650260000.0,-30.0,2.670527219772339,8.531940460205078,-105.98036193847656,-105.98036193847656
3650300000.0,-30.0,2.668133020401001,8.524149894714355,-106.52034759521484,-106.52034759521484
3650340000.0,-30.0,2.6660232543945312,8.517278671264648,-107.1873779296875,-107.1873779296875
3650380000.0,-30.0,2.663684606552124,8.509655952453613,-107.9483871459961,-107.9483871459961
3650420000.0,-30.0,2.660362720489502,8.49881649017334,-108.55926513671875,-108.55926513671875
3650460000.0,-30.0,2.65993332862854,8.497415542602539,-109.1600112915039,-109.1600112915039
3650500000.0,-30.0,2.6548500061035156,8.480799674987793,-109.7596206665039,-109.7596206665039
3650540000.0,-30.0,2.651984930038452,8.471421241760254,-110.25521850585938,-110.25521850585938
3650580000.0,-30.0,2.6462745666503906,8.45269775390625,-110.91255187988281,-110.91255187988281
3650620000.0,-30.0,2.646742582321167,8.45423412322998,-111.62615966796875,-111.62615966796875
3650660000.0,-30.0,2.647505044937134,8.456735610961914,-112.2248306274414,-112.2248306274414
3650700000.0,-30.0,2.6488113403320312,8.461020469665527,-112.91622924804688,-112.91622924804688
3650740000.0,-30.0,2.64481258392334,8.447897911071777,-113.6029052734375,-113.6029052734375
3650780000.0,-30.0,2.646303176879883,8.452792167663574,-114.21257781982422,-114.21257781982422
3650820000.0,-30.0,2.6418111324310303,8.438035011291504,-114.73055267333984,-114.73055267333984
3650860000.0,-30.0,2.635402202606201,8.416937828063965,-115.444091796875,-115.444091796875
3650900000.0,-30.0,2.6365628242492676,8.420762062072754,-116.07813262939453,-116.07813262939453
3650940000.0,-30.0,2.6300058364868164,8.399134635925293,-116.83191680908203,-116.83191680908203
3650980000.0,-30.0,2.6229748725891113,8.375883102416992,-117.27877044677734,-117.27877044677734
3651020000.0,-30.0,2.6231932640075684,8.376605987548828,-118.02800750732422,-118.02800750732422
3651060000.0,-30.0,2.6146113872528076,8.348143577575684,-118.42896270751953,-118.42896270751953
3651100000.0,-30.0,2.611727237701416,8.338556289672852,-119.09244537353516,-119.09244537353516
3651140000.0,-30.0,2.6090288162231445,8.329577445983887,-119.59037017822266,-119.59037017822266
3651180000.0,-30.0,2.6025619506835938,8.308021545410156,-120.29461669921875,-120.29461669921875
3651220000.0,-30.0,2.6001200675964355,8.299867630004883,-121.0196304321289,-121.0196304321289
3651260000.0,-30.0,2.6003127098083496,8.300511360168457,-121.62052154541016,-121.62052154541016
3651300000.0,-30.0,2.5949783325195312,8.282674789428711,-122.25042724609375,-122.25042724609375
3651340000.0,-30.0,2.5932717323303223,8.276960372924805,-122.8626708984375,-122.8626708984375
3651380000.0,-30.0,2.589604616165161,8.264669418334961,-123.3932113647461,-123.3932113647461
3651420000.0,-30.0,2.5821831226348877,8.239740371704102,-124.02040100097656,-124.02040100097656
3651460000.0,-30.0,2.5840988159179688,8.246182441711426,-124.76233673095703,-124.76233673095703
3651500000.0,-30.0,2.58125376701355,8.236614227294922,-125.34734344482422,-125.34734344482422
3651540000.0,-30.0,2.5804479122161865,8.233902931213379,-126.13140869140625,-126.13140869140625
3651580000.0,-30.0,2.580361843109131,8.233612060546875,-126.60258483886719,-126.60258483886719
3651620000.0,-30.0,2.5774755477905273,8.223891258239746,-127.35469818115234,-127.35469818115234
3651660000.0,-30.0,2.569406032562256,8.1966552734375,-128.04100036621094,-128.04100036621094
3651700000.0,-30.0,2.5753612518310547,8.21676254272461,-128.56314086914062,-128.56314086914062
3651740000.0,-30.0,2.569483995437622,8.196918487548828,-129.2359619140625,-129.2359619140625
3651780000.0,-30.0,2.564737319946289,8.180858612060547,-129.86146545410156,-129.86146545410156
3651820000.0,-30.0,2.5632107257843018,8.17568588256836,-130.47654724121094,-130.47654724121094
3651860000.0,-30.0,2.55694842338562,8.154438972473145,-131.08468627929688,-131.08468627929688
3651900000.0,-30.0,2.543762683868408,8.109532356262207,-131.61380004882812,-131.61380004882812
3651940000.0,-30.0,2.541247606277466,8.100939750671387,-132.114990234375,-132.114990234375
3651980000.0,-30.0,2.5380048751831055,8.089849472045898,-132.68402099609375,-132.68402099609375
3652020000.0,-30.0,2.5406382083892822,8.098856925964355,-133.4124755859375,-133.4124755859375
3652060000.0,-30.0,2.5320870876312256,8.069573402404785,-134.18345642089844,-134.18345642089844
3652100000.0,-30.0,2.5309066772460938,8.065523147583008,-134.78176879882812,-134.78176879882812
3652140000.0,-30.0,2.5296342372894287,8.06115436553955,-135.35467529296875,-135.35467529296875
3652180000.0,-30.0,2.5253148078918457,8.046310424804688,-136.0124969482422,-136.0124969482422
3652220000.0,-30.0,2.5159151554107666,8.013919830322266,-136.5882110595703,-136.5882110595703
3652260000.0,-30.0,2.514631748199463,8.009488105773926,-137.2591552734375,-137.2591552734375
3652300000.0,-30.0,2.5141661167144775,8.007879257202148,-137.85206604003906,-137.85206604003906
3652340000.0,-30.0,2.517882823944092,8.020709991455078,-138.60003662109375,-138.60003662109375
3652380000.0,-30.0,2.515775680541992,8.01343822479248,-139.26885986328125,-139.26885986328125
3652420000.0,-30.0,2.5107243061065674,7.995980739593506,-139.83767700195312,-139.83767700195312
3652460000.0,-30.0,2.5088469982147217,7.989483833312988,-140.45541381835938,-140.45541381835938
3652500000.0,-30.0,2.5046193599700928,7.974835395812988,-141.05833435058594,-141.05833435058594
3652540000.0,-30.0,2.5022947788238525,7.966769695281982,-141.69503784179688,-141.69503784179688
3652580000.0,-30.0,2.499533176422119,7.957178115844727,-142.3990020751953,-142.3990020751953
3652620000.0,-30.0,2.4983468055725098,7.953054428100586,-142.99388122558594,-142.99388122558594
3652660000.0,-30.0,2.495197057723999,7.942097187042236,-143.65167236328125,-143.65167236328125
3652700000.0,-30.0,2.485907554626465,7.909699440002441,-144.34400939941406,-144.34400939941406
3652740000.0,-30.0,2.4761815071105957,7.875649452209473,-144.69525146484375,-144.69525146484375
3652780000.0,-30.0,2.47320818901062,7.865213394165039,-145.2958984375,-145.2958984375
3652820000.0,-30.0,2.468461513519287,7.848527431488037,-145.8512420654297,-145.8512420654297
3652860000.0,-30.0,2.4692494869232178,7.851299285888672,-146.65907287597656,-146.65907287597656
3652900000.0,-30.0,2.472440242767334,7.862516403198242,-147.39089965820312,-147.39089965820312
3652940000.0,-30.0,2.4658005237579346,7.839158535003662,-148.0063018798828,-148.0063018798828
3652980000.0,-30.0,2.4576425552368164,7.810374736785889,-148.543701171875,-148.543701171875
3653020000.0,-30.0,2.4552831649780273,7.802031993865967,-149.27078247070312,-149.27078247070312
3653060000.0,-30.0,2.452800989151001,7.793245792388916,-149.74285888671875,-149.74285888671875
3653100000.0,-30.0,2.445866823196411,7.768656253814697,-150.3352508544922,-150.3352508544922
3653140000.0,-30.0,2.441964626312256,7.754787445068359,-151.1289520263672,-151.1289520263672
3653180000.0,-30.0,2.446655035018921,7.771454811096191,-151.79563903808594,-151.79563903808594
3653220000.0,-30.0,2.447159767150879,7.7732462882995605,-152.44244384765625,-152.44244384765625
3653260000.0,-30.0,2.4371750354766846,7.737734317779541,-153.02952575683594,-153.02952575683594
3653300000.0,-30.0,2.440627098083496,7.750028133392334,-153.6470184326172,-153.6470184326172
3653340000.0,-30.0,2.4320948123931885,7.71960973739624,-154.30836486816406,-154.30836486816406
3653380000.0,-30.0,2.431114912033081,7.716109752655029,-154.9444580078125,-154.9444580078125
3653420000.0,-30.0,2.4255857467651367,7.6963324546813965,-155.5493927001953,-155.5493927001953
3653460000.0,-30.0,2.4188108444213867,7.672038555145264,-156.16246032714844,-156.16246032714844
3653500000.0,-30.0,2.4201104640960693,7.676703453063965,-156.8065948486328,-156.8065948486328
3653540000.0,-30.0,2.4169466495513916,7.665341377258301,-157.48789978027344,-157.48789978027344
3653580000.0,-30.0,2.402512788772583,7.613314628601074,-157.89024353027344,-157.89024353027344
3653620000.0,-30.0,2.3995587825775146,7.602627277374268,-158.48727416992188,-158.48727416992188
3653660000.0,-30.0,2.390920877456665,7.5713043212890625,-159.04757690429688,-159.04757690429688
3653700000.0,-30.0,2.393436908721924,7.580440044403076,-159.75840759277344,-159.75840759277344
3653740000.0,-30.0,2.389578104019165,7.566424369812012,-160.4770050048828,-160.4770050048828
3653780000.0,-30.0,2.383709669113159,7.545067310333252,-161.1544952392578,-161.1544952392578
3653820000.0,-30.0,2.3854877948760986,7.551543712615967,-161.6786651611328,-161.6786651611328
3653860000.0,-30.0,2.385765552520752,7.552555084228516,-162.34368896484375,-162.34368896484375
3653900000.0,-30.0,2.370652675628662,7.497358798980713,-162.8946990966797,-162.8946990966797
3653940000.0,-30.0,2.36686110496521,7.483455657958984,-163.53382873535156,-163.53382873535156
3653980000.0,-30.0,2.3728256225585938,7.505316734313965,-164.16990661621094,-164.16990661621094
3654020000.0,-30.0,2.369798421859741,7.494228839874268,-164.97076416015625,-164.97076416015625
3654060000.0,-30.0,2.366231679916382,7.481144905090332,-165.6492919921875,-165.6492919921875
3654100000.0,-30.0,2.36285400390625,7.468737602233887,-166.2694549560547,-166.2694549560547
3654140000.0,-30.0,2.3617913722991943,7.4648308753967285,-166.8814239501953,-166.8814239501953
3654180000.0,-30.0,2.3576810359954834,7.449701309204102,-167.5331268310547,-167.5331268310547
3654220000.0,-30.0,2.3583314418792725,7.452096939086914,-168.19277954101562,-168.19277954101562
3654260000.0,-30.0,2.3507490158081055,7.424125671386719,-168.85818481445312,-168.85818481445312
3654300000.0,-30.0,2.3487579822540283,7.416765213012695,-169.379638671875,-169.379638671875
3654340000.0,-30.0,2.3440263271331787,7.399250030517578,-170.15267944335938,-170.15267944335938
3654380000.0,-30.0,2.336652994155884,7.371884346008301,-170.79396057128906,-170.79396057128906
3654420000.0,-30.0,2.323615550994873,7.3232855796813965,-171.0152130126953,-171.0152130126953
3654460000.0,-30.0,2.3260750770568848,7.332474231719971,-171.71218872070312,-171.71218872070312
3654500000.0,-30.0,2.3139264583587646,7.286990165710449,-172.3004150390625,-172.3004150390625
3654540000.0,-30.0,2.3149924278259277,7.29099178314209,-173.086669921875,-173.086669921875
3654580000.0,-30.0,2.312812566757202,7.282808780670166,-173.79122924804688,-173.79122924804688
3654620000.0,-30.0,2.311835289001465,7.279138088226318,-174.29531860351562,-174.29531860351562
3654660000.0,-30.0,2.302790880203247,7.245089530944824,-175.038818359375,-175.038818359375
3654700000.0,-30.0,2.3009238243103027,7.238044738769531,-175.51669311523438,-175.51669311523438
3654740000.0,-30.0,2.2935097217559814,7.2100114822387695,-175.99037170410156,-175.99037170410156
3654780000.0,-30.0,2.289649724960327,7.195380687713623,-176.77969360351562,-176.77969360351562
3654820000.0,-30.0,2.291292905807495,7.2016119956970215,-177.4962158203125,-177.4962158203125
3654860000.0,-30.0,2.292757749557495,7.2071638107299805,-178.11581420898438,-178.11581420898438
3654900000.0,-30.0,2.2921764850616455,7.20496129989624,-178.8897247314453,-178.8897247314453
3654940000.0,-30.0,2.2828094959259033,7.169393539428711,-179.40869140625,-179.40869140625
3654980000.0,-30.0,2.2828540802001953,7.1695637702941895,179.8513641357422,-180.14865112304688
3655020000.0,-30.0,2.2798192501068115,7.158008098602295,179.1627960205078,-180.83718872070312
3655060000.0,-30.0,2.2788054943084717,7.154144763946533,178.6331024169922,-181.36688232421875
3655100000.0,-30.0,2.2716786861419678,7.126938343048096,178.0084991455078,-181.9915008544922
3655140000.0,-30.0,2.26678729057312,7.10821533203125,177.4073944091797,-182.5926055908203
3655180000.0,-30.0,2.263521194458008,7.095691680908203,176.6357879638672,-183.3642120361328
3655220000.0,-30.0,2.2587106227874756,7.077212333679199,176.26551818847656,-183.73448181152344
3655260000.0,-30.0,2.245879650115967,7.027729511260986,175.58970642089844,-184.4102783203125
3655300000.0,-30.0,2.241431951522827,7.010511875152588,175.1672821044922,-184.8327178955078
3655340000.0,-30.0,2.235851526260376,6.9888596534729,174.49696350097656,-185.50303649902344
3655380000.0,-30.0,2.2342259883880615,6.982541561126709,173.87322998046875,-186.12677001953125
3655420000.0,-30.0,2.2339675426483154,6.981536865234375,173.16184997558594,-186.83815002441406
3655460000.0,-30.0,2.225536584854126,6.948695182800293,172.53134155273438,-187.46865844726562
3655500000.0,-30.0,2.222058057785034,6.935108184814453,172.0244903564453,-187.9755096435547
3655540000.0,-30.0,2.221454381942749,6.932748317718506,171.31080627441406,-188.68919372558594
3655580000.0,-30.0,2.2123124599456787,6.8969292640686035,170.85128784179688,-189.14871215820312
3655620000.0,-30.0,2.213465929031372,6.9014573097229,169.84645080566406,-190.15354919433594
3655660000.0,-30.0,2.2136881351470947,6.9023284912109375,169.3394317626953,-190.6605682373047
3655700000.0,-30.0,2.211606025695801,6.894155502319336,168.57980346679688,-191.42019653320312
3655740000.0,-30.0,2.212100028991699,6.896095275878906,167.8583984375,-192.1416015625
3655780000.0,-30.0,2.2019336223602295,6.85608434677124,167.3447265625,-192.6552734375
3655820000.0,-30.0,2.203260898590088,6.861318588256836,166.63668823242188,-193.36331176757812
3655860000.0,-30.0,2.1963109970092773,6.833877086639404,166.0170135498047,-193.9829864501953
3655900000.0,-30.0,2.195143461227417,6.829257965087891,165.34890747070312,-194.65109252929688
3655940000.0,-30.0,2.1902670860290527,6.809940814971924,164.84652709960938,-195.15347290039062
3655980000.0,-30.0,2.1834235191345215,6.782759666442871,164.1566619873047,-195.8433380126953
3656020000.0,-30.0,2.176351547241211,6.754581451416016,163.4617462158203,-196.5382537841797
3656060000.0,-30.0,2.171408176422119,6.734828948974609,162.8025665283203,-197.19741821289062
3656100000.0,-30.0,2.1586523056030273,6.683654308319092,162.46958923339844,-197.53041076660156
3656140000.0,-30.0,2.155479907989502,6.670879364013672,162.08010864257812,-197.91989135742188
3656180000.0,-30.0,2.1477761268615723,6.639780521392822,161.3271026611328,-198.6728973388672
3656220000.0,-30.0,2.147588014602661,6.639018535614014,160.55259704589844,-199.44740295410156
3656260000.0,-30.0,2.147326707839966,6.637962341308594,160.06259155273438,-199.93740844726562
3656300000.0,-30.0,2.1443397998809814,6.6258721351623535,159.31332397460938,-200.68666076660156
3656340000.0,-30.0,2.1386969089508057,6.602984428405762,158.6913299560547,-201.3086700439453
3656380000.0,-30.0,2.130620002746582,6.570119857788086,158.22230529785156,-201.77769470214844
3656420000.0,-30.0,2.1289491653442383,6.563305377960205,157.60130310058594,-202.39869689941406
3656460000.0,-30.0,2.129923105239868,6.567278861999512,156.65541076660156,-203.34457397460938
3656500000.0,-30.0,2.125788688659668,6.55040168762207,156.14251708984375,-203.8574676513672
3656540000.0,-30.0,2.128751039505005,6.562497615814209,155.25575256347656,-204.74423217773438
3656580000.0,-30.0,2.121309280395508,6.532079696655273,154.76019287109375,-205.23980712890625
3656620000.0,-30.0,2.120269536972046,6.527821063995361,154.1162567138672,-205.8837432861328
3656660000.0,-30.0,2.11422061920166,6.503005504608154,153.5386505126953,-206.4613494873047
3656700000.0,-30.0,2.1123762130737305,6.495425701141357,152.79974365234375,-207.20025634765625
3656740000.0,-30.0,2.1036787033081055,6.459588050842285,152.1005096435547,-207.8994903564453
3656780000.0,-30.0,2.1021151542663574,6.45313024520874,151.54266357421875,-208.45733642578125
3656820000.0,-30.0,2.093271255493164,6.416510105133057,151.02639770507812,-208.97360229492188
3656860000.0,-30.0,2.09326171875,6.416471481323242,150.35902404785156,-209.64097595214844
3656900000.0,-30.0,2.0838582515716553,6.377363204956055,149.8161163330078,-210.1838836669922
3656940000.0,-30.0,2.0735087394714355,6.334117412567139,149.31614685058594,-210.68385314941406
3656980000.0,-30.0,2.0683233737945557,6.312368869781494,148.80026245117188,-211.19973754882812
3657020000.0,-30.0,2.0646700859069824,6.297012805938721,148.0982208251953,-211.90176391601562
3657060000.0,-30.0,2.059826135635376,6.276611328125,147.38551330566406,-212.61448669433594
3657100000.0,-30.0,2.0606272220611572,6.2799882888793945,146.75213623046875,-213.24786376953125
3657140000.0,-30.0,2.0559606552124023,6.26029634475708,145.97740173339844,-214.02259826660156
3657180000.0,-30.0,2.0461273193359375,6.218653202056885,145.49754333496094,-214.50244140625
3657220000.0,-30.0,2.0449507236480713,6.213657379150391,144.88638305664062,-215.11361694335938
3657260000.0,-30.0,2.040327310562134,6.193997383117676,144.4003143310547,-215.59967041015625
3657300000.0,-30.0,2.0370655059814453,6.1800994873046875,143.49252319335938,-216.50747680664062
3657340000.0,-30.0,2.036162853240967,6.17625093460083,142.9723358154297,-217.0276641845703
3657380000.0,-30.0,2.0370044708251953,6.179839134216309,142.2588653564453,-217.7411346435547
3657420000.0,-30.0,2.0317952632904053,6.157598972320557,141.62435913085938,-218.37564086914062
3657460000.0,-30.0,2.0271196365356445,6.137588024139404,140.96163940429688,-219.03836059570312
3657500000.0,-30.0,2.0211691856384277,6.112053394317627,140.1974639892578,-219.8025360107422
3657540000.0,-30.0,2.0192723274230957,6.103897571563721,139.60633850097656,-220.39366149902344
3657580000.0,-30.0,2.0182080268859863,6.099318504333496,139.02349853515625,-220.97650146484375
3657620000.0,-30.0,2.009927749633789,6.063608646392822,138.39236450195312,-221.60763549804688
3657660000.0,-30.0,2.006485939025879,6.048721790313721,137.7163848876953,-222.2836151123047
3657700000.0,-30.0,1.9977695941925049,6.0109076499938965,137.2330322265625,-222.7669677734375
3657740000.0,-30.0,1.9922665357589722,5.9869489669799805,136.68350219726562,-223.31649780273438
3657780000.0,-30.0,1.980155110359192,5.933984279632568,136.20018005371094,-223.7998046875
3657820000.0,-30.0,1.9782246351242065,5.925512313842773,135.48858642578125,-224.5113983154297
3657860000.0,-30.0,1.9775733947753906,5.922652244567871,134.77137756347656,-225.22862243652344
3657900000.0,-30.0,1.9705092906951904,5.8915696144104,134.1446075439453,-225.85537719726562
3657940000.0,-30.0,1.9637160301208496,5.861573696136475,133.5274200439453,-226.47256469726562
3657980000.0,-30.0,1.9627447128295898,5.857276439666748,133.04519653320312,-226.95480346679688
3658020000.0,-30.0,1.9567792415618896,5.830836772918701,132.40097045898438,-227.59902954101562
3658060000.0,-30.0,1.9534127712249756,5.815880298614502,131.74745178222656,-228.25254821777344
3658100000.0,-30.0,1.9507150650024414,5.803876876831055,131.10740661621094,-228.89259338378906
3658140000.0,-30.0,1.9481734037399292,5.792552471160889,130.2995147705078,-229.7004852294922
3658180000.0,-30.0,1.9495419263839722,5.798651218414307,129.76602172851562,-230.23397827148438
3658220000.0,-30.0,1.9429007768630981,5.769012451171875,128.95899963378906,-231.041015625
3658260000.0,-30.0,1.9417450428009033,5.763844013214111,128.37014770507812,-231.62985229492188
3658300000.0,-30.0,1.9375554323196411,5.745082378387451,127.76860809326172,-232.2313995361328
3658340000.0,-30.0,1.9280309677124023,5.702280044555664,127.0985107421875,-232.90150451660156
3658380000.0,-30.0,1.9261884689331055,5.693975925445557,126.41215515136719,-233.5878448486328
3658420000.0,-30.0,1.9206500053405762,5.668964862823486,125.56687927246094,-234.43313598632812
3658460000.0,-30.0,1.9209473133087158,5.670309066772461,125.08241271972656,-234.91758728027344
3658500000.0,-30.0,1.9104825258255005,5.622861385345459,124.62885284423828,-235.37115478515625
3658540000.0,-30.0,1.902969479560852,5.58863639831543,124.07156372070312,-235.92845153808594
3658580000.0,-30.0,1.8958016633987427,5.555858135223389,123.63470458984375,-236.3653106689453
3658620000.0,-30.0,1.8843170404434204,5.503079891204834,123.09831237792969,-236.90170288085938
3658660000.0,-30.0,1.883957028388977,5.501419544219971,122.25177001953125,-237.74822998046875
3658700000.0,-30.0,1.8798458576202393,5.482445240020752,121.78800964355469,-238.21200561523438
3658740000.0,-30.0,1.8779085874557495,5.473488807678223,121.12370300292969,-238.8762969970703
3658780000.0,-30.0,1.8731803894042969,5.451591968536377,120.4026870727539,-239.59732055664062
3658820000.0,-30.0,1.866798758506775,5.421950340270996,119.8697509765625,-240.1302490234375
3658860000.0,-30.0,1.858053207397461,5.381163120269775,119.3231430053711,-240.67684936523438
3658900000.0,-30.0,1.8584351539611816,5.382948398590088,118.70472717285156,-241.2952880859375
3658940000.0,-30.0,1.8521441221237183,5.3534955978393555,117.91670227050781,-242.0832977294922
3658980000.0,-30.0,1.850917935371399,5.347743034362793,117.31001281738281,-242.6899871826172
3659020000.0,-30.0,1.851426124572754,5.350127696990967,116.47358703613281,-243.5264129638672
3659060000.0,-30.0,1.847952127456665,5.3338141441345215,115.8838882446289,-244.11611938476562
3659100000.0,-30.0,1.8420578241348267,5.306065559387207,115.18604278564453,-244.81394958496094
3659140000.0,-30.0,1.83931303024292,5.2931132316589355,114.34487915039062,-245.65513610839844
3659180000.0,-30.0,1.8386057615280151,5.2897725105285645,113.66435241699219,-246.33563232421875
3659220000.0,-30.0,1.832727074623108,5.261955261230469,113.29405212402344,-246.70594787597656
3659260000.0,-30.0,1.8261405229568481,5.23068380355835,112.68841552734375,-247.31158447265625
3659300000.0,-30.0,1.816899061203003,5.186615943908691,111.983154296875,-248.016845703125
3659340000.0,-30.0,1.813039779663086,5.16814661026001,111.4056167602539,-248.59437561035156
3659380000.0,-30.0,1.8031240701675415,5.12051248550415,110.94461059570312,-249.05538940429688
3659420000.0,-30.0,1.7959234714508057,5.085756301879883,110.53311157226562,-249.46688842773438
3659460000.0,-30.0,1.7926411628723145,5.069867134094238,109.89789581298828,-250.1020965576172
3659500000.0,-30.0,1.7890236377716064,5.052321434020996,109.10311889648438,-250.8968963623047
3659540000.0,-30.0,1.7815672159194946,5.016044616699219,108.6872787475586,-251.31271362304688
3659580000.0,-30.0,1.7838106155395508,5.026975154876709,107.9969253540039,-252.00308227539062
3659620000.0,-30.0,1.775526762008667,4.986544609069824,107.43374633789062,-252.5662384033203
3659660000.0,-30.0,1.7733148336410522,4.975717067718506,106.67475128173828,-253.3252410888672
3659700000.0,-30.0,1.763681173324585,4.928401947021484,106.31311798095703,-253.6868896484375
3659740000.0,-30.0,1.7592779397964478,4.906688690185547,105.38507080078125,-254.6149139404297
3659780000.0,-30.0,1.7577461004257202,4.899122714996338,104.83983612060547,-255.16015625
3659820000.0,-30.0,1.7528830766677856,4.875059127807617,104.18460845947266,-255.81539916992188
3659860000.0,-30.0,1.746174931526184,4.841755390167236,103.38958740234375,-256.61041259765625
3659900000.0,-30.0,1.7485309839248657,4.853466510772705,102.72570037841797,-257.2742919921875
3659940000.0,-30.0,1.7428838014602661,4.825368404388428,101.97601318359375,-258.02398681640625
3659980000.0,-30.0,1.7423902750015259,4.822908878326416,101.37884521484375,-258.62115478515625
3660020000.0,-30.0,1.7314039468765259,4.767967700958252,100.78483581542969,-259.21514892578125
3660060000.0,-30.0,1.7299672365188599,4.7607574462890625,100.0391845703125,-259.9608154296875
3660100000.0,-30.0,1.7253462076187134,4.73752498626709,99.41964721679688,-260.5803527832031
3660140000.0,-30.0,1.718073844909668,4.700836658477783,98.87108612060547,-261.1289367675781
3660180000.0,-30.0,1.7154948711395264,4.687788486480713,98.53409576416016,-261.4659118652344
3660220000.0,-30.0,1.7045310735702515,4.632098197937012,97.8312759399414,-262.1687316894531
3660260000.0,-30.0,1.6969915628433228,4.593594074249268,97.54337310791016,-262.4566345214844
3660300000.0,-30.0,1.6946802139282227,4.5817551612854,96.68901824951172,-263.31097412109375
3660340000.0,-30.0,1.6875271797180176,4.545015811920166,96.13798522949219,-263.86199951171875
3660380000.0,-30.0,1.6843715906143188,4.5287580490112305,95.62191772460938,-264.3780822753906
3660420000.0,-30.0,1.6802608966827393,4.507534503936768,94.92424774169922,-265.0757751464844
3660460000.0,-30.0,1.6765302419662476,4.488227844238281,94.09085083007812,-265.9091491699219
3660500000.0,-30.0,1.6707829236984253,4.458400249481201,93.57550811767578,-266.4244689941406
3660540000.0,-30.0,1.666356086730957,4.435356616973877,93.02764129638672,-266.9723815917969
3660580000.0,-30.0,1.6575199365615845,4.3891754150390625,92.5584716796875,-267.4415283203125
3660620000.0,-30.0,1.6548616886138916,4.3752336502075195,91.6751708984375,-268.3248291015625
3660660000.0,-30.0,1.6494922637939453,4.347005844116211,91.00091552734375,-268.99908447265625
3660700000.0,-30.0,1.6465508937835693,4.331503391265869,90.20221710205078,-269.7977600097656
3660740000.0,-30.0,1.647220492362976,4.3350348472595215,89.62500762939453,-270.375
3660780000.0,-30.0,1.6430952548980713,4.3132548332214355,88.83316040039062,-271.1668395996094
3660820000.0,-30.0,1.6377345323562622,4.284870147705078,88.28874969482422,-271.71124267578125
3660860000.0,-30.0,1.6287721395492554,4.23720645904541,87.56767272949219,-272.4323425292969
3660900000.0,-30.0,1.6283026933670044,4.2347025871276855,86.94762420654297,-273.0523986816406
3660940000.0,-30.0,1.6231926679611206,4.207401275634766,86.40335845947266,-273.5966491699219
3660980000.0,-30.0,1.615687608718872,4.167148113250732,85.81004333496094,-274.1899719238281
3661020000.0,-30.0,1.608155608177185,4.126561641693115,85.3313217163086,-274.6686706542969
3661060000.0,-30.0,1.6016387939453125,4.091291427612305,84.83534240722656,-275.1646728515625
3661100000.0,-30.0,1.593542456626892,4.047272682189941,84.44493865966797,-275.5550537109375
3661140000.0,-30.0,1.588766098022461,4.021199703216553,83.62933349609375,-276.37066650390625
3661180000.0,-30.0,1.5835071802139282,3.992401123046875,83.05725860595703,-276.9427490234375
3661220000.0,-30.0,1.579633355140686,3.971126079559326,82.43353271484375,-277.56646728515625
3661260000.0,-30.0,1.5731356143951416,3.935323476791382,81.83921813964844,-278.1607971191406
3661300000.0,-30.0,1.5686684846878052,3.91062331199646,81.15093231201172,-278.84906005859375
3661340000.0,-30.0,1.5667539834976196,3.9000163078308105,80.5125732421875,-279.4874267578125
3661380000.0,-30.0,1.5603379011154175,3.864372968673706,80.16075897216797,-279.8392333984375
3661420000.0,-30.0,1.5535324811935425,3.826406717300415,79.33440399169922,-280.66558837890625
3661460000.0,-30.0,1.5509889125823975,3.81217360496521,78.8337173461914,-281.1662902832031
3661500000.0,-30.0,1.5442652702331543,3.77443790435791,77.9444351196289,-282.0555725097656
3661540000.0,-30.0,1.5422732830047607,3.7632269859313965,77.15983581542969,-282.84014892578125
3661580000.0,-30.0,1.5410033464431763,3.7560720443725586,76.61018371582031,-283.38983154296875
3661620000.0,-30.0,1.5417839288711548,3.760470151901245,75.92757415771484,-284.0724182128906
3661660000.0,-30.0,1.5294556617736816,3.690737247467041,75.14329528808594,-284.856689453125
3661700000.0,-30.0,1.5273879766464233,3.6789870262145996,74.60063934326172,-285.3993835449219
3661740000.0,-30.0,1.5219662189483643,3.6481003761291504,73.81819915771484,-286.18182373046875
3661780000.0,-30.0,1.5162832736968994,3.615607261657715,73.33412170410156,-286.6658935546875
3661820000.0,-30.0,1.5088263750076294,3.5727851390838623,72.9295425415039,-287.0704345703125
3661860000.0,-30.0,1.4977930784225464,3.5090367794036865,72.1476821899414,-287.8523254394531
3661900000.0,-30.0,1.4954750537872314,3.4955835342407227,71.96293640136719,-288.03704833984375
3661940000.0,-30.0,1.4864697456359863,3.4431216716766357,71.58440399169922,-288.41558837890625
3661980000.0,-30.0,1.4808415174484253,3.4101712703704834,70.7889175415039,-289.2110900878906
3662020000.0,-30.0,1.4774243831634521,3.3901050090789795,70.10650634765625,-289.89349365234375
3662060000.0,-30.0,1.4738023281097412,3.3687849044799805,69.4515151977539,-290.5484924316406
3662100000.0,-30.0,1.472528100013733,3.361271381378174,68.77325439453125,-291.22674560546875
3662140000.0,-30.0,1.464829444885254,3.3157410621643066,68.12637329101562,-291.8736267089844
3662180000.0,-30.0,1.4648627042770386,3.3159384727478027,67.4586410522461,-292.5413513183594
3662220000.0,-30.0,1.4510128498077393,3.2334256172180176,66.98158264160156,-293.0184326171875
3662260000.0,-30.0,1.4431134462356567,3.186009168624878,66.74979400634766,-293.2502136230469
3662300000.0,-30.0,1.440901756286621,3.172686815261841,65.98395538330078,-294.01605224609375
3662340000.0,-30.0,1.4363579750061035,3.1452536582946777,65.09689331054688,-294.9031066894531
3662380000.0,-30.0,1.4330326318740845,3.1251213550567627,64.49727630615234,-295.5027160644531
3662420000.0,-30.0,1.4315060377120972,3.115863800048828,63.88423538208008,-296.11578369140625
3662460000.0,-30.0,1.4266358613967896,3.0862629413604736,62.939353942871094,-297.0606384277344
3662500000.0,-30.0,1.418074607849121,3.0339815616607666,62.35371780395508,-297.6462707519531
3662540000.0,-30.0,1.4193564653396606,3.0418293476104736,61.79302215576172,-298.2070007324219
3662580000.0,-30.0,1.4124640226364136,2.9995479583740234,61.14111328125,-298.85888671875
3662620000.0,-30.0,1.4037244319915771,2.9456374645233154,60.54901885986328,-299.45098876953125
3662660000.0,-30.0,1.4012125730514526,2.9300806522369385,59.91947555541992,-300.0805358886719
3662700000.0,-30.0,1.3973606824874878,2.906170606613159,59.47366714477539,-300.5263366699219
3662740000.0,-30.0,1.3838815689086914,2.8219783306121826,59.235408782958984,-300.76458740234375
3662780000.0,-30.0,1.3773303031921387,2.78076171875,58.771175384521484,-301.22882080078125
3662820000.0,-30.0,1.3695099353790283,2.7313036918640137,57.98499298095703,-302.0150146484375
3662860000.0,-30.0,1.371466875076294,2.743706464767456,57.236602783203125,-302.7633972167969
3662900000.0,-30.0,1.3617726564407349,2.6820919513702393,56.623226165771484,-303.3768005371094
3662940000.0,-30.0,1.357311487197876,2.653590440750122,56.0038948059082,-303.9961242675781
3662980000.0,-30.0,1.3535816669464111,2.6296894550323486,55.41039276123047,-304.589599609375
3663020000.0,-30.0,1.3513814210891724,2.6155588626861572,54.68299102783203,-305.3170166015625
3663060000.0,-30.0,1.3411245346069336,2.549381732940674,54.37087631225586,-305.629150390625
3663100000.0,-30.0,1.334474802017212,2.5062074661254883,54.004390716552734,-305.99560546875
3663140000.0,-30.0,1.3305052518844604,2.4803318977355957,53.14753723144531,-306.85247802734375
3663180000.0,-30.0,1.327610731124878,2.4614148139953613,52.41802978515625,-307.58197021484375
3663220000.0,-30.0,1.3270201683044434,2.4575507640838623,51.424095153808594,-308.5758972167969
3663260000.0,-30.0,1.3231092691421509,2.4319143295288086,50.944278717041016,-309.05572509765625
3663300000.0,-30.0,1.3150897026062012,2.379107713699341,50.2552604675293,-309.7447204589844
3663340000.0,-30.0,1.311300277709961,2.3540432453155518,49.534881591796875,-310.4651184082031
3663380000.0,-30.0,1.3051906824111938,2.31347918510437,48.864627838134766,-311.1353759765625
3663420000.0,-30.0,1.3052046298980713,2.3135719299316406,48.46683883666992,-311.53314208984375
3663460000.0,-30.0,1.293223261833191,2.2334702014923096,47.955135345458984,-312.04486083984375
3663500000.0,-30.0,1.2902605533599854,2.213548421859741,47.20331954956055,-312.79669189453125
3663540000.0,-30.0,1.2807621955871582,2.149369955062866,46.99179458618164,-313.0082092285156
3663580000.0,-30.0,1.2748730182647705,2.1093389987945557,46.50802993774414,-313.4919738769531
3663620000.0,-30.0,1.2663209438323975,2.0508759021759033,46.05282211303711,-313.9471740722656
3663660000.0,-30.0,1.2591503858566284,2.0015523433685303,45.182350158691406,-314.8176574707031
3663700000.0,-30.0,1.2591547966003418,2.0015828609466553,44.493492126464844,-315.50653076171875
3663740000.0,-30.0,1.2489382028579712,1.9308193922042847,43.979610443115234,-316.0203857421875
3663780000.0,-30.0,1.2490322589874268,1.9314727783203125,43.323020935058594,-316.6769714355469
3663820000.0,-30.0,1.2399888038635254,1.8683550357818604,42.779136657714844,-317.2208557128906
3663860000.0,-30.0,1.2372533082962036,1.8491723537445068,42.212520599365234,-317.7874755859375
3663900000.0,-30.0,1.2316489219665527,1.809738278388977,41.91631317138672,-318.08367919921875
3663940000.0,-30.0,1.2244856357574463,1.759074330329895,41.46751022338867,-318.532470703125
3663980000.0,-30.0,1.22017240524292,1.7284241914749146,40.451229095458984,-319.54876708984375
3664020000.0,-30.0,1.2151947021484375,1.692916989326477,39.67753601074219,-320.32244873046875
3664060000.0,-30.0,1.2141855955123901,1.6857010126113892,38.98997116088867,-321.0100402832031
3664100000.0,-30.0,1.2095539569854736,1.6525053977966309,38.47787094116211,-321.5221252441406
3664140000.0,-30.0,1.2050448656082153,1.6200644969940186,37.837921142578125,-322.1620788574219
3664180000.0,-30.0,1.1997871398925781,1.58208429813385,37.23066329956055,-322.7693176269531
3664220000.0,-30.0,1.1964503526687622,1.5578935146331787,36.580387115478516,-323.41961669921875
3664260000.0,-30.0,1.1911967992782593,1.5196704864501953,36.2772216796875,-323.7227783203125
3664300000.0,-30.0,1.1855205297470093,1.4781819581985474,35.373905181884766,-324.6260986328125
3664340000.0,-30.0,1.178285837173462,1.425013542175293,34.7008171081543,-325.2991943359375
3664380000.0,-30.0,1.1719779968261719,1.37838876247406,34.68980026245117,-325.3101806640625
3664420000.0,-30.0,1.1640576124191284,1.3194897174835205,34.194732666015625,-325.8052673339844
3664460000.0,-30.0,1.1577881574630737,1.2725824117660522,33.94786834716797,-326.0521545410156
3664500000.0,-30.0,1.1534574031829834,1.2400308847427368,33.03909683227539,-326.9609069824219
3664540000.0,-30.0,1.1472389698028564,1.1930781602859497,32.22294616699219,-327.7770690917969
3664580000.0,-30.0,1.1429959535598755,1.1608939170837402,31.649375915527344,-328.35064697265625
3664620000.0,-30.0,1.1394519805908203,1.1339205503463745,31.00930404663086,-328.9906921386719
3664660000.0,-30.0,1.1334903240203857,1.0883558988571167,30.312591552734375,-329.6874084472656
3664700000.0,-30.0,1.1241587400436401,1.0165529251098633,29.975088119506836,-330.02490234375
3664740000.0,-30.0,1.1240763664245605,1.015915870666504,29.744670867919922,-330.2553405761719
3664780000.0,-30.0,1.1171491146087646,0.962222695350647,29.254526138305664,-330.7454528808594
3664820000.0,-30.0,1.1091670989990234,0.8999396562576294,28.075651168823242,-331.9243469238281
3664860000.0,-30.0,1.1064420938491821,0.8785741329193115,27.442968368530273,-332.5570068359375
3664900000.0,-30.0,1.109256625175476,0.9006410837173462,26.70928955078125,-333.29071044921875
3664940000.0,-30.0,1.0976920127868652,0.8096098303794861,26.074981689453125,-333.9250183105469
3664980000.0,-30.0,1.0914685726165771,0.7602245807647705,25.581680297851562,-334.4183349609375
3665020000.0,-30.0,1.0914390087127686,0.7599899172782898,24.81544303894043,-335.1845703125
3665060000.0,-30.0,1.0852233171463013,0.7103829383850098,24.399389266967773,-335.6006164550781
3665100000.0,-30.0,1.0796830654144287,0.665926456451416,23.736530303955078,-336.2634582519531
3665140000.0,-30.0,1.0747251510620117,0.6259479522705078,23.26123809814453,-336.73876953125
3665180000.0,-30.0,1.0663195848464966,0.557747483253479,23.071382522583008,-336.9286193847656
3665220000.0,-30.0,1.0562552213668823,0.4753769040107727,22.403942108154297,-337.5960693359375
3665260000.0,-30.0,1.0499709844589233,0.42354539036750793,22.245529174804688,-337.75445556640625
3665300000.0,-30.0,1.047770619392395,0.4053238034248352,21.929885864257812,-338.0700988769531
3665340000.0,-30.0,1.044944405555725,0.38186371326446533,20.92698097229004,-339.0730285644531
3665380000.0,-30.0,1.0413304567337036,0.35177165269851685,20.24181365966797,-339.7582092285156
3665420000.0,-30.0,1.033420443534851,0.28554123640060425,19.458023071289062,-340.5419616699219
3665460000.0,-30.0,1.026964545249939,0.2311088889837265,18.933191299438477,-341.0668029785156
3665500000.0,-30.0,1.0215202569961548,0.1849391907453537,18.49803352355957,-341.5019836425781
3665540000.0,-30.0,1.0184177160263062,0.15851914882659912,18.10374641418457,-341.8962707519531
3665580000.0,-30.0,1.0121536254882812,0.10492916405200958,17.72433090209961,-342.2756652832031
3665620000.0,-30.0,1.0068025588989258,0.058886121958494186,17.30841636657715,-342.6915588378906
3665660000.0,-30.0,1.000880479812622,0.007644642144441605,16.22825813293457,-343.7717590332031
3665700000.0,-30.0,0.994369387626648,-0.049045320600271225,15.539785385131836,-344.460205078125
3665740000.0,-30.0,0.9939664602279663,-0.052565593272447586,14.732033729553223,-345.2679748535156
3665780000.0,-30.0,0.9896027445793152,-0.09078209102153778,14.401097297668457,-345.5989074707031
3665820000.0,-30.0,0.9832122325897217,-0.14705434441566467,13.693753242492676,-346.3062438964844
3665860000.0,-30.0,0.9753847122192383,-0.2164812535047531,12.909924507141113,-347.090087890625
3665900000.0,-30.0,0.9748178124427795,-0.22153064608573914,12.552559852600098,-347.44744873046875
3665940000.0,-30.0,0.9639229774475098,-0.31915345788002014,12.063582420349121,-347.9364318847656
3665980000.0,-30.0,0.9630658626556396,-0.3268805742263794,11.579092025756836,-348.4208984375
3666020000.0,-30.0,0.9545298218727112,-0.40420982241630554,10.819822311401367,-349.18017578125
3666060000.0,-30.0,0.9487513899803162,-0.45695120096206665,10.618284225463867,-349.3817138671875
3666100000.0,-30.0,0.9438409209251404,-0.5020238757133484,10.676811218261719,-349.32318115234375
3666140000.0,-30.0,0.9384819865226746,-0.5514811277389526,10.239645004272461,-349.7603454589844
3666180000.0,-30.0,0.9318587183952332,-0.6129984259605408,9.855360984802246,-350.1446533203125
3666220000.0,-30.0,0.9258962869644165,-0.6687533855438232,8.956011772155762,-351.04400634765625
3666260000.0,-30.0,0.9218258261680603,-0.7070225477218628,8.487560272216797,-351.5124206542969
3666300000.0,-30.0,0.9147441387176514,-0.7740070819854736,7.685967445373535,-352.31402587890625
3666340000.0,-30.0,0.9118815064430237,-0.8012318015098572,7.232675075531006,-352.767333984375
3666380000.0,-30.0,0.9068191051483154,-0.8495868444442749,6.821120262145996,-353.17889404296875
3666420000.0,-30.0,0.9010730981826782,-0.9047994613647461,6.635544776916504,-353.36444091796875
3666460000.0,-30.0,0.8951447010040283,-0.9621351957321167,5.42814302444458,-354.5718688964844
3666500000.0,-30.0,0.8931500315666199,-0.981511652469635,4.751508712768555,-355.2485046386719
3666540000.0,-30.0,0.8892262578010559,-1.01975417137146,4.001327037811279,-355.9986572265625
3666580000.0,-30.0,0.8834112286567688,-1.0767415761947632,3.7403926849365234,-356.2596130371094
3666620000.0,-30.0,0.8794029355049133,-1.116241455078125,3.057156801223755,-356.9428405761719
3666660000.0,-30.0,0.8714892864227295,-1.1947588920593262,2.1924257278442383,-357.8075866699219
3666700000.0,-30.0,0.8664884567260742,-1.2447445392608643,1.7214044332504272,-358.2785949707031
3666740000.0,-30.0,0.864482045173645,-1.2648802995681763,1.4309884309768677,-358.5690002441406
3666780000.0,-30.0,0.8605080246925354,-1.3049015998840332,0.5881314277648926,-359.411865234375
3666820000.0,-30.0,0.8520923852920532,-1.3902665376663208,0.27289411425590515,-359.72711181640625
3666860000.0,-30.0,0.8477365970611572,-1.434781551361084,-0.38174548745155334,-360.3817443847656
3666900000.0,-30.0,0.8415705561637878,-1.4981894493103027,-0.1378779411315918,-360.13787841796875
3666940000.0,-30.0,0.834771990776062,-1.5686426162719727,-0.3695439100265503,-360.3695373535156
3666980000.0,-30.0,0.8310176134109497,-1.6077951192855835,-0.6115445494651794,-360.611572265625
3667020000.0,-30.0,0.828795313835144,-1.631054162979126,-1.2981315851211548,-361.2981262207031
3667060000.0,-30.0,0.8194705247879028,-1.7293330430984497,-2.106072187423706,-362.1060791015625
3667100000.0,-30.0,0.8125192523002625,-1.8033267259597778,-2.532801866531372,-362.5328063964844
3667140000.0,-30.0,0.8097236752510071,-1.8332633972167969,-3.169590950012207,-363.1695861816406
3667180000.0,-30.0,0.8042946457862854,-1.891696572303772,-3.548964023590088,-363.5489807128906
3667220000.0,-30.0,0.8036510944366455,-1.8986492156982422,-3.7805237770080566,-363.780517578125
3667260000.0,-30.0,0.7955968379974365,-1.9861390590667725,-4.1419477462768555,-364.1419372558594
3667300000.0,-30.0,0.7910634279251099,-2.035773754119873,-5.267575263977051,-365.267578125
3667340000.0,-30.0,0.7841827273368835,-2.11165452003479,-5.99802303314209,-365.998046875
3667380000.0,-30.0,0.7823752760887146,-2.131697416305542,-6.603977203369141,-366.6039733886719
3667420000.0,-30.0,0.7789872288703918,-2.169393539428711,-6.9339094161987305,-366.93389892578125
3667460000.0,-30.0,0.7722741365432739,-2.244570016860962,-7.779425144195557,-367.7794189453125
3667500000.0,-30.0,0.7668246626853943,-2.3060784339904785,-8.032097816467285,-368.0321044921875
3667540000.0,-30.0,0.7624727487564087,-2.355513572692871,-8.865813255310059,-368.8658142089844
3667580000.0,-30.0,0.7555317282676697,-2.434945821762085,-9.213781356811523,-369.2137756347656
3667620000.0,-30.0,0.7566520571708679,-2.4220755100250244,-9.661128997802734,-369.6611328125
3667660000.0,-30.0,0.7474161386489868,-2.5287506580352783,-10.209365844726562,-370.2093811035156
3667700000.0,-30.0,0.7400467991828918,-2.614816665649414,-10.628520965576172,-370.6285095214844
3667740000.0,-30.0,0.7351414561271667,-2.672581434249878,-10.797295570373535,-370.7972717285156
3667780000.0,-30.0,0.7300907373428345,-2.7324628829956055,-10.639847755432129,-370.6398620605469
3667820000.0,-30.0,0.726969301700592,-2.769678831100464,-10.88715648651123,-370.8871765136719
3667860000.0,-30.0,0.7220896482467651,-2.8281776905059814,-11.344898223876953,-371.34490966796875
3667900000.0,-30.0,0.7174740433692932,-2.883876085281372,-12.063387870788574,-372.0633850097656
3667940000.0,-30.0,0.7091603875160217,-2.9851105213165283,-12.507652282714844,-372.50762939453125
3667980000.0,-30.0,0.7093893885612488,-2.9823062419891357,-12.928567886352539,-372.9285888671875
3668020000.0,-30.0,0.6998814940452576,-3.0995099544525146,-13.561497688293457,-373.5614929199219
3668060000.0,-30.0,0.7003132700920105,-3.0941531658172607,-13.70828628540039,-373.7082824707031
3668100000.0,-30.0,0.6933923363685608,-3.1804189682006836,-14.364114761352539,-374.3641052246094
3668140000.0,-30.0,0.6885906457901001,-3.2407779693603516,-15.17395305633545,-375.1739501953125
3668180000.0,-30.0,0.6850482821464539,-3.285576581954956,-15.637953758239746,-375.637939453125
3668220000.0,-30.0,0.6787503361701965,-3.3657989501953125,-16.502243041992188,-376.5022277832031
3668260000.0,-30.0,0.6738976240158081,-3.428121566772461,-16.611522674560547,-376.61151123046875
3668300000.0,-30.0,0.671257495880127,-3.462216854095459,-17.25982093811035,-377.25982666015625
3668340000.0,-30.0,0.6612870693206787,-3.5921995639801025,-18.09330940246582,-378.09332275390625
3668380000.0,-30.0,0.6601077318191528,-3.607703685760498,-18.5584659576416,-378.5584411621094
3668420000.0,-30.0,0.6517031192779541,-3.719003677368164,-18.9227237701416,-378.9227294921875
3668460000.0,-30.0,0.6527559161186218,-3.7049832344055176,-19.0737361907959,-379.07373046875
3668500000.0,-30.0,0.6459434628486633,-3.796109914779663,-19.533348083496094,-379.5333251953125
3668540000.0,-30.0,0.6406134366989136,-3.8680787086486816,-19.958093643188477,-379.9580993652344
3668580000.0,-30.0,0.6350061893463135,-3.9444406032562256,-19.81368637084961,-379.8136901855469
3668620000.0,-30.0,0.6320925951004028,-3.9843859672546387,-19.692861557006836,-379.69287109375
3668660000.0,-30.0,0.6272915601730347,-4.0506110191345215,-19.57938003540039,-379.5793762207031
3668700000.0,-30.0,0.6247610449790955,-4.085721015930176,-20.29347038269043,-380.29345703125
3668740000.0,-30.0,0.619325578212738,-4.161619186401367,-20.475435256958008,-380.4754333496094
3668780000.0,-30.0,0.6121350526809692,-4.263055324554443,-21.298330307006836,-381.29833984375
3668820000.0,-30.0,0.6078814268112183,-4.323622703552246,-22.125383377075195,-382.1253967285156
3668860000.0,-30.0,0.6067439913749695,-4.339890003204346,-21.941389083862305,-381.94140625
3668900000.0,-30.0,0.6018637418746948,-4.410037040710449,-22.422025680541992,-382.4220275878906
3668940000.0,-30.0,0.5929757952690125,-4.539260387420654,-23.111225128173828,-383.1112365722656
3668980000.0,-30.0,0.5896404981613159,-4.588254451751709,-23.79261016845703,-383.7926330566406
3669020000.0,-30.0,0.5843711495399475,-4.666224479675293,-24.376590728759766,-384.3765869140625
3669060000.0,-30.0,0.5841947793960571,-4.668846130371094,-24.831653594970703,-384.8316650390625
3669100000.0,-30.0,0.5770325660705566,-4.775993824005127,-25.04566192626953,-385.045654296875
3669140000.0,-30.0,0.5716046094894409,-4.858085632324219,-25.544750213623047,-385.54473876953125
3669180000.0,-30.0,0.5659346580505371,-4.944674015045166,-25.96355628967285,-385.96356201171875
3669220000.0,-30.0,0.5614845752716064,-5.013243675231934,-26.87320327758789,-386.8731994628906
3669260000.0,-30.0,0.5586985349655151,-5.056448936462402,-26.6449031829834,-386.6448974609375
3669300000.0,-30.0,0.5560489892959595,-5.097738265991211,-27.374000549316406,-387.3739929199219
3669340000.0,-30.0,0.5548807978630066,-5.1160054206848145,-27.340391159057617,-387.34039306640625
3669380000.0,-30.0,0.5451711416244507,-5.269343376159668,-27.632837295532227,-387.6328125
3669420000.0,-30.0,0.542184054851532,-5.317065238952637,-27.63642692565918,-387.6364440917969
3669460000.0,-30.0,0.5407935380935669,-5.339369773864746,-26.91097640991211,-386.9109802246094
3669500000.0,-30.0,0.534960925579071,-5.433558464050293,-27.264432907104492,-387.2644348144531
3669540000.0,-30.0,0.5355725288391113,-5.4236345291137695,-27.768850326538086,-387.76885986328125
3669580000.0,-30.0,0.5253602266311646,-5.590856552124023,-28.12461280822754,-388.1246337890625
3669620000.0,-30.0,0.5242305994033813,-5.60955286026001,-28.542837142944336,-388.5428466796875
3669660000.0,-30.0,0.5134820938110352,-5.789493560791016,-28.675275802612305,-388.6752624511719
3669700000.0,-30.0,0.5169799327850342,-5.730526924133301,-29.022598266601562,-389.0226135253906
3669740000.0,-30.0,0.511117696762085,-5.8295817375183105,-29.57893943786621,-389.5789489746094
3669780000.0,-30.0,0.5075094103813171,-5.891118049621582,-29.876604080200195,-389.8765869140625
3669820000.0,-30.0,0.5024330019950867,-5.978436470031738,-30.426361083984375,-390.4263610839844
3669860000.0,-30.0,0.49469977617263794,-6.113165855407715,-31.630455017089844,-391.6304626464844
3669900000.0,-30.0,0.49711814522743225,-6.070807933807373,-31.152729034423828,-391.1527099609375
3669940000.0,-30.0,0.48915863037109375,-6.211005687713623,-32.07277297973633,-392.0727844238281
3669980000.0,-30.0,0.4844059348106384,-6.295810699462891,-32.6505126953125,-392.6505126953125
3670020000.0,-30.0,0.4805309474468231,-6.365572452545166,-32.72150421142578,-392.72149658203125
3670060000.0,-30.0,0.4751250445842743,-6.463840961456299,-32.85150146484375,-392.85150146484375
3670100000.0,-30.0,0.47137677669525146,-6.5326361656188965,-33.226993560791016,-393.22698974609375
3670140000.0,-30.0,0.4667038917541504,-6.619171619415283,-33.63887023925781,-393.6388854980469
3670180000.0,-30.0,0.46773138642311096,-6.600069999694824,-33.41495132446289,-393.4149475097656
3670220000.0,-30.0,0.4626147449016571,-6.695610523223877,-33.687984466552734,-393.68798828125
3670260000.0,-30.0,0.4584788382053375,-6.773613929748535,-33.13523864746094,-393.13525390625
3670300000.0,-30.0,0.4584115743637085,-6.774888515472412,-32.4876594543457,-392.4876708984375
3670340000.0,-30.0,0.45503005385398865,-6.839198589324951,-32.9986572265625,-392.9986572265625
3670380000.0,-30.0,0.4523662030696869,-6.890197277069092,-32.85002899169922,-392.85003662109375
3670420000.0,-30.0,0.4499341547489166,-6.937020778656006,-33.05104064941406,-393.0510559082031
3670460000.0,-30.0,0.44401809573173523,-7.0519866943359375,-33.24104690551758,-393.24102783203125
3670500000.0,-30.0,0.44234326481819153,-7.084811687469482,-33.524452209472656,-393.52447509765625
3670540000.0,-30.0,0.43838751316070557,-7.162836074829102,-33.73311996459961,-393.7331237792969
3670580000.0,-30.0,0.43625882267951965,-7.205115795135498,-33.52555847167969,-393.5255432128906
3670620000.0,-30.0,0.4292486011981964,-7.345822334289551,-34.73802185058594,-394.738037109375
3670660000.0,-30.0,0.4177585542201996,-7.581493377685547,-35.98842239379883,-395.9884033203125
3670700000.0,-30.0,0.4178171753883362,-7.58027458190918,-35.87515640258789,-395.87518310546875
3670740000.0,-30.0,0.4126465320587158,-7.688436031341553,-35.31233215332031,-395.3123474121094
3670780000.0,-30.0,0.41012755036354065,-7.741621017456055,-36.30318069458008,-396.30316162109375
3670820000.0,-30.0,0.408331960439682,-7.7797322273254395,-36.22821807861328,-396.22821044921875
3670860000.0,-30.0,0.4052419662475586,-7.845711708068848,-36.01230239868164,-396.0122985839844
3670900000.0,-30.0,0.4073410630226135,-7.800836563110352,-36.52507400512695,-396.52508544921875
3670940000.0,-30.0,0.39799585938453674,-8.002429008483887,-36.51106643676758,-396.51104736328125
3670980000.0,-30.0,0.39540714025497437,-8.059109687805176,-35.92971420288086,-395.9297180175781
3671020000.0,-30.0,0.3912149965763092,-8.151690483093262,-36.32829284667969,-396.3282775878906
3671060000.0,-30.0,0.3909185230731964,-8.15827465057373,-36.6795654296875,-396.6795654296875
3671100000.0,-30.0,0.3872600495815277,-8.239946365356445,-36.286502838134766,-396.2864990234375
3671140000.0,-30.0,0.39109256863594055,-8.15440845489502,-35.89112091064453,-395.89111328125
3671180000.0,-30.0,0.39045780897140503,-8.16851806640625,-35.62295913696289,-395.62298583984375
3671220000.0,-30.0,0.38729730248451233,-8.239109992980957,-34.898887634277344,-394.8988952636719
3671260000.0,-30.0,0.3817709684371948,-8.36394214630127,-36.58789825439453,-396.5879211425781
3671300000.0,-30.0,0.37413734197616577,-8.539379119873047,-35.42811965942383,-395.4281311035156
3671340000.0,-30.0,0.3771665096282959,-8.469337463378906,-35.836570739746094,-395.8365783691406
3671380000.0,-30.0,0.37761759757995605,-8.458955764770508,-35.295291900634766,-395.2952880859375
3671420000.0,-30.0,0.3706296980381012,-8.621195793151855,-35.79048156738281,-395.79046630859375
3671460000.0,-30.0,0.36512431502342224,-8.751184463500977,-36.24794006347656,-396.2479248046875
3671500000.0,-30.0,0.3589105010032654,-8.900276184082031,-37.28187561035156,-397.2818908691406
3671540000.0,-30.0,0.3581441342830658,-8.918843269348145,-36.96068572998047,-396.9606628417969
3671580000.0,-30.0,0.35570764541625977,-8.97813606262207,-36.94001007080078,-396.9400329589844
3671620000.0,-30.0,0.3499835431575775,-9.119048118591309,-37.36894226074219,-397.3689270019531
3671660000.0,-30.0,0.34740397334098816,-9.183303833007812,-36.63101577758789,-396.6310119628906
3671700000.0,-30.0,0.3495885729789734,-9.12885570526123,-36.27817916870117,-396.2781677246094
3671740000.0,-30.0,0.3499920666217804,-9.118836402893066,-36.711082458496094,-396.7110595703125
3671780000.0,-30.0,0.3427896499633789,-9.299446105957031,-36.877281188964844,-396.8772888183594
3671820000.0,-30.0,0.3367466330528259,-9.453935623168945,-36.69110870361328,-396.69110107421875
3671860000.0,-30.0,0.34228652715682983,-9.312204360961914,-36.70980453491211,-396.7098083496094
3671900000.0,-30.0,0.33933916687965393,-9.387319564819336,-36.15554428100586,-396.1555480957031
3671940000.0,-30.0,0.33670374751091003,-9.45504093170166,-35.85416793823242,-395.8541564941406
3671980000.0,-30.0,0.3416651785373688,-9.327985763549805,-34.66569519042969,-394.66571044921875
3672020000.0,-30.0,0.34088966250419617,-9.347723007202148,-34.83772659301758,-394.83770751953125
3672060000.0,-30.0,0.33382341265678406,-9.529664039611816,-35.03247833251953,-395.0325012207031
3672100000.0,-30.0,0.33672407269477844,-9.454517364501953,-34.45467758178711,-394.4546813964844
3672140000.0,-30.0,0.33047208189964294,-9.617304801940918,-34.09148025512695,-394.09149169921875
3672180000.0,-30.0,0.33135348558425903,-9.594169616699219,-34.113224029541016,-394.11322021484375
3672220000.0,-30.0,0.3310500979423523,-9.60212516784668,-33.84157943725586,-393.8415832519531
3672260000.0,-30.0,0.32831576466560364,-9.674164772033691,-34.22083282470703,-394.2208557128906
3672300000.0,-30.0,0.3226858675479889,-9.82440185546875,-33.76420593261719,-393.7641906738281
3672340000.0,-30.0,0.31069397926330566,-10.153343200683594,-34.516456604003906,-394.5164489746094
3672380000.0,-30.0,0.31726163625717163,-9.971649169921875,-34.40898132324219,-394.4089660644531
3672420000.0,-30.0,0.3151492774486542,-10.02967357635498,-34.3667106628418,-394.36669921875
3672460000.0,-30.0,0.31309235095977783,-10.08655071258545,-34.50844192504883,-394.5084533691406
3672500000.0,-30.0,0.3168558180332184,-9.982766151428223,-34.24339294433594,-394.2433776855469
3672540000.0,-30.0,0.31074437499046326,-10.151934623718262,-33.68915557861328,-393.68914794921875
3672580000.0,-30.0,0.31424614787101746,-10.054600715637207,-33.55206298828125,-393.55206298828125
3672620000.0,-30.0,0.3064391613006592,-10.273114204406738,-33.44139099121094,-393.4413757324219
3672660000.0,-30.0,0.3056226968765259,-10.296287536621094,-33.32550048828125,-393.32550048828125
3672700000.0,-30.0,0.3076150715351105,-10.239848136901855,-32.205657958984375,-392.2056579589844
3672740000.0,-30.0,0.30764466524124146,-10.239012718200684,-32.79668045043945,-392.79669189453125
3672780000.0,-30.0,0.31128934025764465,-10.136714935302734,-31.531694412231445,-391.53167724609375
3672820000.0,-30.0,0.3138797879219055,-10.064733505249023,-30.797134399414062,-390.7971496582031
3672860000.0,-30.0,0.31595876812934875,-10.007392883300781,-31.29387092590332,-391.2938537597656
3672900000.0,-30.0,0.3099123239517212,-10.175223350524902,-30.585737228393555,-390.5857238769531
3672940000.0,-30.0,0.31241142749786377,-10.105462074279785,-30.773103713989258,-390.7731018066406
3672980000.0,-30.0,0.30947431921958923,-10.187507629394531,-30.85631561279297,-390.8563232421875
3673020000.0,-30.0,0.3136482536792755,-10.071142196655273,-30.119539260864258,-390.1195373535156
3673060000.0,-30.0,0.31333595514297485,-10.079794883728027,-30.047405242919922,-390.0473937988281
3673100000.0,-30.0,0.3124580383300781,-10.104166030883789,-29.208009719848633,-389.2080078125
3673140000.0,-30.0,0.3060256540775299,-10.284843444824219,-30.24249267578125,-390.24249267578125
3673180000.0,-30.0,0.2984815835952759,-10.501649856567383,-30.3734073638916,-390.3733825683594
3673220000.0,-30.0,0.29904088377952576,-10.48538875579834,-29.441362380981445,-389.4413757324219
3673260000.0,-30.0,0.30210450291633606,-10.396856307983398,-29.485923767089844,-389.4859313964844
3673300000.0,-30.0,0.3024781346321106,-10.386119842529297,-28.89165496826172,-388.89166259765625
3673340000.0,-30.0,0.30601564049720764,-10.285127639770508,-28.98862648010254,-388.9886169433594
3673380000.0,-30.0,0.3047179579734802,-10.322038650512695,-28.944610595703125,-388.9446105957031
3673420000.0,-30.0,0.30189839005470276,-10.40278434753418,-28.11787986755371,-388.1178894042969
3673460000.0,-30.0,0.3037523329257965,-10.349607467651367,-28.06480598449707,-388.0647888183594
3673500000.0,-30.0,0.3056531250476837,-10.295422554016113,-27.740034103393555,-387.7400207519531
3673540000.0,-30.0,0.3052760064601898,-10.306146621704102,-27.99254035949707,-387.9925231933594
3673580000.0,-30.0,0.30274951457977295,-10.378331184387207,-26.945907592773438,-386.9458923339844
3673620000.0,-30.0,0.3110503852367401,-10.14338493347168,-26.48926544189453,-386.4892578125
3673660000.0,-30.0,0.3193022906780243,-9.915959358215332,-26.590953826904297,-386.5909423828125
3673700000.0,-30.0,0.3163140118122101,-9.997632026672363,-26.20261573791504,-386.2026062011719
3673740000.0,-30.0,0.3170085847377777,-9.9785795211792,-26.134078979492188,-386.13409423828125
3673780000.0,-30.0,0.3206450343132019,-9.879509925842285,-26.878414154052734,-386.87841796875
3673820000.0,-30.0,0.3227907121181488,-9.821579933166504,-26.264028549194336,-386.2640380859375
3673860000.0,-30.0,0.3215125799179077,-9.856040954589844,-25.931133270263672,-385.9311218261719
3673900000.0,-30.0,0.32384952902793884,-9.793133735656738,-26.08420181274414,-386.0841979980469
3673940000.0,-30.0,0.32538098096847534,-9.752156257629395,-25.587343215942383,-385.58734130859375
3673980000.0,-30.0,0.3177301585674286,-9.958831787109375,-24.787683486938477,-384.7876892089844
3674020000.0,-30.0,0.3167860209941864,-9.98468017578125,-24.48454475402832,-384.48455810546875
3674060000.0,-30.0,0.3176317811012268,-9.96152114868164,-24.362390518188477,-384.3623962402344
3674100000.0,-30.0,0.3202119767665863,-9.89124870300293,-24.441696166992188,-384.44171142578125
3674140000.0,-30.0,0.32568734884262085,-9.743982315063477,-24.652908325195312,-384.6529235839844
3674180000.0,-30.0,0.32660606503486633,-9.719514846801758,-24.93888282775879,-384.9388732910156
3674220000.0,-30.0,0.3276253044605255,-9.692451477050781,-24.99067497253418,-384.9906921386719
3674260000.0,-30.0,0.3250862658023834,-9.760027885437012,-24.317060470581055,-384.31707763671875
3674300000.0,-30.0,0.32653507590293884,-9.721403121948242,-24.024938583374023,-384.0249328613281
3674340000.0,-30.0,0.33005180954933167,-9.628357887268066,-24.223798751831055,-384.2237854003906
3674380000.0,-30.0,0.33202579617500305,-9.576562881469727,-23.781734466552734,-383.78173828125
3674420000.0,-30.0,0.3383258581161499,-9.413296699523926,-24.278902053833008,-384.2789001464844
3674460000.0,-30.0,0.3422538936138153,-9.313032150268555,-23.98664093017578,-383.9866638183594
3674500000.0,-30.0,0.34734174609184265,-9.184860229492188,-23.882070541381836,-383.882080078125
3674540000.0,-30.0,0.34581413865089417,-9.223145484924316,-24.155550003051758,-384.1555480957031
3674580000.0,-30.0,0.34717467427253723,-9.18903923034668,-23.583045959472656,-383.5830383300781
3674620000.0,-30.0,0.35217347741127014,-9.06486701965332,-23.66378402709961,-383.6637878417969
3674660000.0,-30.0,0.3526816666126251,-9.052342414855957,-23.92085838317871,-383.9208679199219
3674700000.0,-30.0,0.3555021584033966,-8.983155250549316,-23.775516510009766,-383.7755126953125
3674740000.0,-30.0,0.36192578077316284,-8.827609062194824,-23.890111923217773,-383.8901062011719
3674780000.0,-30.0,0.35979315638542175,-8.878942489624023,-23.952512741088867,-383.9525146484375
3674820000.0,-30.0,0.3568727672100067,-8.949731826782227,-22.992708206176758,-382.99273681640625
3674860000.0,-30.0,0.3596424460411072,-8.882580757141113,-23.853708267211914,-383.85369873046875
3674900000.0,-30.0,0.3598516881465912,-8.877528190612793,-23.531532287597656,-383.53155517578125
3674940000.0,-30.0,0.36327046155929565,-8.795398712158203,-23.602245330810547,-383.60223388671875
3674980000.0,-30.0,0.36738377809524536,-8.697601318359375,-23.83170509338379,-383.83172607421875
3675020000.0,-30.0,0.37148037552833557,-8.601283073425293,-23.585092544555664,-383.5850830078125
3675060000.0,-30.0,0.36909398436546326,-8.657259941101074,-23.12633514404297,-383.1263427734375
3675100000.0,-30.0,0.3737466633319855,-8.548453330993652,-23.62019157409668,-383.6202087402344
3675140000.0,-30.0,0.37676796317100525,-8.478520393371582,-23.438095092773438,-383.4381103515625
3675180000.0,-30.0,0.37913504242897034,-8.424121856689453,-23.78689956665039,-383.7868957519531
3675220000.0,-30.0,0.3818214237689972,-8.362793922424316,-24.011627197265625,-384.0116271972656
3675260000.0,-30.0,0.3876165747642517,-8.231953620910645,-24.19940757751465,-384.19940185546875
3675300000.0,-30.0,0.3929472267627716,-8.11331558227539,-24.673358917236328,-384.6733703613281
3675340000.0,-30.0,0.3978422284126282,-8.005782127380371,-25.11782455444336,-385.1177978515625
3675380000.0,-30.0,0.39981797337532043,-7.962753772735596,-24.56062889099121,-384.5606384277344
3675420000.0,-30.0,0.4018755257129669,-7.918168544769287,-24.05928611755371,-384.0592956542969
3675460000.0,-30.0,0.4058433771133423,-7.832830905914307,-24.863914489746094,-384.8639221191406
3675500000.0,-30.0,0.4073951840400696,-7.799682140350342,-24.85755157470703,-384.8575439453125
3675540000.0,-30.0,0.4129943251609802,-7.681118488311768,-25.064985275268555,-385.0649719238281
3675580000.0,-30.0,0.41540056467056274,-7.630659103393555,-26.028823852539062,-386.02880859375
3675620000.0,-30.0,0.41599541902542114,-7.618229389190674,-25.666685104370117,-385.66668701171875
3675660000.0,-30.0,0.4156344532966614,-7.625769138336182,-24.778953552246094,-384.7789611816406
3675700000.0,-30.0,0.4162430167198181,-7.61306095123291,-24.55736541748047,-384.5573425292969
3675740000.0,-30.0,0.41810575127601624,-7.574276924133301,-25.50090980529785,-385.50091552734375
3675780000.0,-30.0,0.4226720929145813,-7.479928493499756,-25.642580032348633,-385.642578125
3675820000.0,-30.0,0.4270356595516205,-7.390717029571533,-25.99618911743164,-385.9962158203125
3675860000.0,-30.0,0.43300899863243103,-7.270061016082764,-26.3922119140625,-386.3922119140625
3675900000.0,-30.0,0.43497902154922485,-7.230633735656738,-26.372074127197266,-386.3720703125
3675940000.0,-30.0,0.4352283477783203,-7.225656509399414,-26.49457359313965,-386.4945983886719
3675980000.0,-30.0,0.44004255533218384,-7.130106449127197,-26.576021194458008,-386.5760192871094
3676020000.0,-30.0,0.44334232807159424,-7.065216064453125,-26.69096565246582,-386.69097900390625
3676060000.0,-30.0,0.44526413083076477,-7.027646064758301,-27.231754302978516,-387.23175048828125
3676100000.0,-30.0,0.45321986079216003,-6.873821258544922,-27.63251304626465,-387.6325378417969
3676140000.0,-30.0,0.4584465026855469,-6.774226665496826,-28.410934448242188,-388.41094970703125
3676180000.0,-30.0,0.46155956387519836,-6.715445041656494,-28.28559684753418,-388.2856140136719
3676220000.0,-30.0,0.46698981523513794,-6.613851547241211,-29.15150260925293,-389.1514892578125
3676260000.0,-30.0,0.46794092655181885,-6.596179485321045,-28.97514533996582,-388.97515869140625
3676300000.0,-30.0,0.47035935521125793,-6.551403999328613,-28.901710510253906,-388.9017028808594
3676340000.0,-30.0,0.47417908906936646,-6.481152057647705,-29.602310180664062,-389.6023254394531
3676380000.0,-30.0,0.4804220199584961,-6.367541790008545,-29.810829162597656,-389.8108215332031
3676420000.0,-30.0,0.4839826822280884,-6.303403377532959,-30.5341796875,-390.5341796875
3676460000.0,-30.0,0.4871196150779724,-6.247288227081299,-30.012405395507812,-390.0124206542969
3676500000.0,-30.0,0.4851883351802826,-6.281793117523193,-29.898815155029297,-389.8988037109375
3676540000.0,-30.0,0.4876043498516083,-6.238648414611816,-30.30794334411621,-390.30792236328125
3676580000.0,-30.0,0.48979321122169495,-6.199744701385498,-30.606538772583008,-390.6065673828125
3676620000.0,-30.0,0.499085932970047,-6.036493301391602,-31.046518325805664,-391.0465393066406
3676660000.0,-30.0,0.4998325705528259,-6.0235090255737305,-31.26540184020996,-391.265380859375
3676700000.0,-30.0,0.4993332624435425,-6.032190322875977,-30.976863861083984,-390.97686767578125
3676740000.0,-30.0,0.5041768550872803,-5.948341369628906,-31.912843704223633,-391.912841796875
3676780000.0,-30.0,0.5075778961181641,-5.889945983886719,-32.410186767578125,-392.4101867675781
3676820000.0,-30.0,0.5144874453544617,-5.772504806518555,-32.73717498779297,-392.7371826171875
3676860000.0,-30.0,0.5172774195671082,-5.725529670715332,-32.62770462036133,-392.6277160644531
3676900000.0,-30.0,0.5235401391983032,-5.620999813079834,-33.35289764404297,-393.3528747558594
3676940000.0,-30.0,0.5267462134361267,-5.567971706390381,-34.15560531616211,-394.1556091308594
3676980000.0,-30.0,0.534212052822113,-5.44572639465332,-34.577667236328125,-394.5776672363281
3677020000.0,-30.0,0.540014386177063,-5.351893901824951,-34.96833038330078,-394.9683532714844
3677060000.0,-30.0,0.5393367409706116,-5.362799644470215,-35.40060043334961,-395.4006042480469
3677100000.0,-30.0,0.5411661863327026,-5.333386421203613,-35.397159576416016,-395.39715576171875
3677140000.0,-30.0,0.5461201071739197,-5.254236698150635,-36.1297721862793,-396.1297607421875
3677180000.0,-30.0,0.5503969192504883,-5.186479568481445,-36.48516082763672,-396.48516845703125
3677220000.0,-30.0,0.5539554357528687,-5.130504131317139,-36.92661666870117,-396.9266052246094
3677260000.0,-30.0,0.5633126497268677,-4.985010147094727,-37.497371673583984,-397.49737548828125
3677300000.0,-30.0,0.5581408143043518,-5.06512451171875,-36.99974060058594,-396.999755859375
3677340000.0,-30.0,0.5641271471977234,-4.97245979309082,-37.57699203491211,-397.5769958496094
3677380000.0,-30.0,0.5667727589607239,-4.931820392608643,-37.7781982421875,-397.7781982421875
3677420000.0,-30.0,0.5681639313697815,-4.910527229309082,-38.13630294799805,-398.1363220214844
3677460000.0,-30.0,0.5689631104469299,-4.898317813873291,-38.69111251831055,-398.6911315917969
3677500000.0,-30.0,0.5760300755500793,-4.7910966873168945,-38.97921371459961,-398.9792175292969
3677540000.0,-30.0,0.5809836983680725,-4.716721057891846,-39.205020904541016,-399.20501708984375
3677580000.0,-30.0,0.5803112983703613,-4.726779937744141,-39.568485260009766,-399.5685119628906
3677620000.0,-30.0,0.5897544622421265,-4.586575031280518,-40.3092041015625,-400.3092041015625
3677660000.0,-30.0,0.5942631363868713,-4.520424842834473,-40.0767936706543,-400.0768127441406
3677700000.0,-30.0,0.5971453189849854,-4.478399276733398,-40.7027702331543,-400.7027587890625
3677740000.0,-30.0,0.604204535484314,-4.3763203620910645,-41.55145263671875,-401.55145263671875
3677780000.0,-30.0,0.6041239500045776,-4.377479076385498,-42.019535064697266,-402.01953125
3677820000.0,-30.0,0.6099787354469299,-4.293705940246582,-42.81153869628906,-402.8115539550781
3677860000.0,-30.0,0.6162334084510803,-4.205094814300537,-43.06758499145508,-403.06756591796875
3677900000.0,-30.0,0.6187072396278381,-4.170295715332031,-43.79303741455078,-403.7930603027344
3677940000.0,-30.0,0.6222866177558899,-4.1201910972595215,-44.022464752197266,-404.0224609375
3677980000.0,-30.0,0.624180257320404,-4.093799591064453,-44.387393951416016,-404.38739013671875
3678020000.0,-30.0,0.6293758749961853,-4.021798610687256,-44.866634368896484,-404.86663818359375
3678060000.0,-30.0,0.6304366588592529,-4.007171630859375,-45.40721130371094,-405.4072265625
3678100000.0,-30.0,0.6366935968399048,-3.9213907718658447,-46.10276412963867,-406.102783203125
3678140000.0,-30.0,0.6433035731315613,-3.8316802978515625,-45.99102020263672,-405.99102783203125
3678180000.0,-30.0,0.6425381302833557,-3.8420217037200928,-46.09318161010742,-406.09320068359375
3678220000.0,-30.0,0.6474149823188782,-3.7763454914093018,-46.68797302246094,-406.68798828125
3678260000.0,-30.0,0.6490597724914551,-3.754305839538574,-46.948768615722656,-406.9487609863281
3678300000.0,-30.0,0.6555939316749573,-3.667301893234253,-47.55980682373047,-407.559814453125
3678340000.0,-30.0,0.6576557755470276,-3.6400275230407715,-48.04705810546875,-408.04705810546875
3678380000.0,-30.0,0.6586884260177612,-3.626398801803589,-48.29957962036133,-408.2995910644531
3678420000.0,-30.0,0.6612265706062317,-3.592994451522827,-48.967960357666016,-408.96795654296875
3678460000.0,-30.0,0.6699546575546265,-3.4790923595428467,-49.36418914794922,-409.36419677734375
3678500000.0,-30.0,0.669982373714447,-3.4787323474884033,-49.75346755981445,-409.7534484863281
3678540000.0,-30.0,0.6798769235610962,-3.351393461227417,-50.47574234008789,-410.4757385253906
3678580000.0,-30.0,0.6845352649688721,-3.2920827865600586,-51.03042984008789,-411.0304260253906
3678620000.0,-30.0,0.6888507604598999,-3.237497329711914,-52.0166130065918,-412.0166320800781
3678660000.0,-30.0,0.6944867968559265,-3.166720151901245,-52.28248596191406,-412.282470703125
3678700000.0,-30.0,0.6958823204040527,-3.1492838859558105,-52.65493392944336,-412.6549377441406
3678740000.0,-30.0,0.696408748626709,-3.1427159309387207,-52.81298065185547,-412.8129577636719
3678780000.0,-30.0,0.7040008306503296,-3.048536777496338,-53.569923400878906,-413.5699157714844
3678820000.0,-30.0,0.7047917246818542,-3.0387842655181885,-54.111141204833984,-414.11114501953125
3678860000.0,-30.0,0.7125157117843628,-2.944110631942749,-54.53801345825195,-414.5379943847656
3678900000.0,-30.0,0.7156861424446106,-2.905547618865967,-55.02817153930664,-415.0281677246094
3678940000.0,-30.0,0.7194562554359436,-2.859912395477295,-55.49767303466797,-415.4976806640625
3678980000.0,-30.0,0.7229077816009521,-2.8183422088623047,-55.62470245361328,-415.6247253417969
3679020000.0,-30.0,0.7257431745529175,-2.7843410968780518,-55.8178825378418,-415.81787109375
3679060000.0,-30.0,0.7303399443626404,-2.729499101638794,-56.741119384765625,-416.7411193847656
3679100000.0,-30.0,0.7341320514678955,-2.684516429901123,-57.03909683227539,-417.03912353515625
3679140000.0,-30.0,0.7340301275253296,-2.685722589492798,-57.78984069824219,-417.7898254394531
3679180000.0,-30.0,0.7404696941375732,-2.609854221343994,-58.088523864746094,-418.0885314941406
3679220000.0,-30.0,0.742026686668396,-2.5916097164154053,-58.63356018066406,-418.633544921875
3679260000.0,-30.0,0.7472068667411804,-2.5311825275421143,-59.08497619628906,-419.0849609375
3679300000.0,-30.0,0.751485288143158,-2.4815900325775146,-59.754764556884766,-419.7547607421875
3679340000.0,-30.0,0.7548437118530273,-2.442858934402466,-59.77849197387695,-419.7784729003906
3679380000.0,-30.0,0.7593229413032532,-2.3914694786071777,-60.731910705566406,-420.73193359375
3679420000.0,-30.0,0.7645975351333618,-2.3313417434692383,-61.53133010864258,-421.5313415527344
3679460000.0,-30.0,0.768147349357605,-2.2911088466644287,-62.150875091552734,-422.15087890625
3679500000.0,-30.0,0.7748484015464783,-2.215664863586426,-62.6981315612793,-422.6981506347656
3679540000.0,-30.0,0.7782915234565735,-2.177154064178467,-63.23322296142578,-423.23321533203125
3679580000.0,-30.0,0.7811481356620789,-2.145331859588623,-63.55347442626953,-423.553466796875
3679620000.0,-30.0,0.785102367401123,-2.1014745235443115,-64.15788269042969,-424.15789794921875
3679660000.0,-30.0,0.7917956709861755,-2.027737617492676,-64.56883239746094,-424.5688171386719
3679700000.0,-30.0,0.7947788834571838,-1.995073676109314,-65.29460144042969,-425.2945861816406
3679740000.0,-30.0,0.797252893447876,-1.9680777788162231,-66.03923034667969,-426.0392150878906
3679780000.0,-30.0,0.79973304271698,-1.9410985708236694,-66.11164093017578,-426.1116638183594
3679820000.0,-30.0,0.8039926886558533,-1.8949579000473022,-66.47554016113281,-426.47552490234375
3679860000.0,-30.0,0.8085170388221741,-1.8462167978286743,-66.76811218261719,-426.76812744140625
3679900000.0,-30.0,0.8104509115219116,-1.825465440750122,-67.20388793945312,-427.2038879394531
3679940000.0,-30.0,0.8168813586235046,-1.7568198442459106,-67.82727813720703,-427.8272705078125
3679980000.0,-30.0,0.8145664930343628,-1.7814693450927734,-68.24995422363281,-428.2499694824219
3680020000.0,-30.0,0.8225008249282837,-1.6972732543945312,-68.89256286621094,-428.8925476074219
3680060000.0,-30.0,0.8222118020057678,-1.7003254890441895,-69.62459564208984,-429.6246032714844
3680100000.0,-30.0,0.827393651008606,-1.6457562446594238,-69.95682525634766,-429.9568176269531
3680140000.0,-30.0,0.8358108997344971,-1.5578395128250122,-70.7719497680664,-430.7719421386719
3680180000.0,-30.0,0.8361629843711853,-1.5541810989379883,-70.89717864990234,-430.8971862792969
3680220000.0,-30.0,0.8462299704551697,-1.450231909751892,-71.56951904296875,-431.56951904296875
3680260000.0,-30.0,0.8495448231697083,-1.4162743091583252,-72.41828155517578,-432.4183044433594
3680300000.0,-30.0,0.848513126373291,-1.426828384399414,-73.22814178466797,-433.2281494140625
3680340000.0,-30.0,0.853672206401825,-1.374177098274231,-73.6291275024414,-433.6291198730469
3680380000.0,-30.0,0.8541586995124817,-1.3692283630371094,-74.32154083251953,-434.321533203125
3680420000.0,-30.0,0.8619887828826904,-1.2899681329727173,-74.5567398071289,-434.5567321777344
3680460000.0,-30.0,0.8662603497505188,-1.247031331062317,-75.04962921142578,-435.0496520996094
3680500000.0,-30.0,0.8695347309112549,-1.2142614126205444,-75.77289581298828,-435.77288818359375
3680540000.0,-30.0,0.8738123774528503,-1.1716361045837402,-76.27694702148438,-436.2769470214844
3680580000.0,-30.0,0.8821362853050232,-1.08928644657135,-76.76620483398438,-436.7662048339844
3680620000.0,-30.0,0.8821826577186584,-1.0888293981552124,-77.07847595214844,-437.0784912109375
3680660000.0,-30.0,0.879538893699646,-1.1148990392684937,-77.69595336914062,-437.6959533691406
3680700000.0,-30.0,0.8880423307418823,-1.0313267707824707,-77.96959686279297,-437.9696044921875
3680740000.0,-30.0,0.8926181197166443,-0.9866856336593628,-78.61353302001953,-438.613525390625
3680780000.0,-30.0,0.894586980342865,-0.9675487875938416,-79.3215103149414,-439.3215026855469
3680820000.0,-30.0,0.8976376056671143,-0.9379791021347046,-79.80032348632812,-439.8003234863281
3680860000.0,-30.0,0.901854395866394,-0.8972716331481934,-80.43980407714844,-440.4397888183594
3680900000.0,-30.0,0.8980504870414734,-0.9339850544929504,-80.87458801269531,-440.87457275390625
3680940000.0,-30.0,0.9070977568626404,-0.8469182252883911,-81.38133239746094,-441.3813171386719
3680980000.0,-30.0,0.9134920239448547,-0.7859049439430237,-81.91802978515625,-441.91802978515625
3681020000.0,-30.0,0.9213795065879822,-0.7112290263175964,-82.6216049194336,-442.6216125488281
3681060000.0,-30.0,0.9240195751190186,-0.6863766312599182,-83.2001953125,-443.2001953125
3681100000.0,-30.0,0.9283596873283386,-0.6456748843193054,-83.91384887695312,-443.9138488769531
3681140000.0,-30.0,0.9323223829269409,-0.6086775064468384,-84.5607681274414,-444.5607604980469
3681180000.0,-30.0,0.931925356388092,-0.6123772263526917,-85.072509765625,-445.072509765625
3681220000.0,-30.0,0.93503737449646,-0.5834203958511353,-85.6565933227539,-445.6565856933594
3681260000.0,-30.0,0.9397576451301575,-0.5396826267242432,-86.259033203125,-446.259033203125
3681300000.0,-30.0,0.9480298161506653,-0.4635602533817291,-86.75668334960938,-446.7566833496094
3681340000.0,-30.0,0.949120044708252,-0.4535768926143646,-87.32002258300781,-447.32000732421875
3681380000.0,-30.0,0.953900158405304,-0.40994155406951904,-87.95626068115234,-447.9562683105469
3681420000.0,-30.0,0.9581423997879028,-0.3713987171649933,-88.34671783447266,-448.34674072265625
3681460000.0,-30.0,0.9576286673545837,-0.37605711817741394,-88.72254943847656,-448.7225646972656
3681500000.0,-30.0,0.9585146307945251,-0.36802512407302856,-89.30589294433594,-449.3058776855469
3681540000.0,-30.0,0.9676166772842407,-0.28593334555625916,-89.7491683959961,-449.7491455078125
3681580000.0,-30.0,0.9723079204559326,-0.24392370879650116,-90.19922637939453,-450.19921875
3681620000.0,-30.0,0.9743680357933044,-0.22553931176662445,-90.90343475341797,-450.9034423828125
3681660000.0,-30.0,0.972750723361969,-0.2399691492319107,-91.6174545288086,-451.6174621582031
3681700000.0,-30.0,0.9779387712478638,-0.19376710057258606,-91.96585845947266,-451.9658508300781
3681740000.0,-30.0,0.9833163619041443,-0.1461346447467804,-92.78372192382812,-452.7837219238281
3681780000.0,-30.0,0.983455240726471,-0.1449081301689148,-93.21858978271484,-453.2185974121094
3681820000.0,-30.0,0.9936081171035767,-0.05569750443100929,-93.67263793945312,-453.6726379394531
3681860000.0,-30.0,0.9979895949363708,-0.017479684203863144,-94.23147583007812,-454.2314758300781
3681900000.0,-30.0,0.998113214969635,-0.016403814777731895,-94.9695816040039,-454.9695739746094
3681940000.0,-30.0,1.0010654926300049,0.00925007089972496,-95.7126235961914,-455.7126159667969
3681980000.0,-30.0,1.0093443393707275,0.0807868018746376,-96.33953857421875,-456.33953857421875
3682020000.0,-30.0,1.009465217590332,0.08182691037654877,-96.87226867675781,-456.8722839355469
3682060000.0,-30.0,1.012837290763855,0.11079395562410355,-97.63865661621094,-457.638671875
3682100000.0,-30.0,1.0189368724822998,0.1629454642534256,-98.13690185546875,-458.13690185546875
3682140000.0,-30.0,1.023335576057434,0.2003619372844696,-98.73654174804688,-458.7365417480469
3682180000.0,-30.0,1.0247693061828613,0.21252140402793884,-99.1603012084961,-459.1602783203125
3682220000.0,-30.0,1.028193712234497,0.2414988875389099,-99.57795715332031,-459.5779724121094
3682260000.0,-30.0,1.0375003814697266,0.3197649419307709,-100.00147247314453,-460.0014953613281
3682300000.0,-30.0,1.0370458364486694,0.31595882773399353,-100.57005310058594,-460.5700378417969
3682340000.0,-30.0,1.0406385660171509,0.34599894285202026,-101.36885833740234,-461.36883544921875
3682380000.0,-30.0,1.040713906288147,0.3466270864009857,-101.94046783447266,-461.9404602050781
3682420000.0,-30.0,1.0460093021392822,0.3907111883163452,-102.26449584960938,-462.26446533203125
3682460000.0,-30.0,1.0490376949310303,0.4158223271369934,-102.78522491455078,-462.78521728515625
3682500000.0,-30.0,1.0504437685012817,0.42745643854141235,-103.47127532958984,-463.4712829589844
3682540000.0,-30.0,1.0569909811019897,0.4814261198043823,-103.98652648925781,-463.9865417480469
3682580000.0,-30.0,1.0594205856323242,0.5013683438301086,-104.50225067138672,-464.50225830078125
3682620000.0,-30.0,1.0618994235992432,0.5216675996780396,-105.09915924072266,-465.0991516113281
3682660000.0,-30.0,1.0656808614730835,0.5525427460670471,-105.65205383300781,-465.65203857421875
3682700000.0,-30.0,1.0691626071929932,0.5808753967285156,-106.4341812133789,-466.4341735839844
3682740000.0,-30.0,1.07550847530365,0.6322763562202454,-107.19495391845703,-467.1949462890625
3682780000.0,-30.0,1.0797356367111206,0.6663483381271362,-107.90070343017578,-467.90069580078125
3682820000.0,-30.0,1.083382248878479,0.6956349015235901,-108.29597473144531,-468.29595947265625
3682860000.0,-30.0,1.0853617191314697,0.711489737033844,-108.95899963378906,-468.958984375
3682900000.0,-30.0,1.08711576461792,0.7255160808563232,-109.62393188476562,-469.6239318847656
3682940000.0,-30.0,1.0923799276351929,0.7674738764762878,-110.02813720703125,-470.0281677246094
3682980000.0,-30.0,1.0948622226715088,0.7871895432472229,-110.75521087646484,-470.7552185058594
3683020000.0,-30.0,1.096903920173645,0.8033717274665833,-111.35829162597656,-471.3583068847656
3683060000.0,-30.0,1.1028316020965576,0.8501845002174377,-111.84503173828125,-471.84503173828125
3683100000.0,-30.0,1.1057565212249756,0.8731898069381714,-112.29625701904297,-472.2962646484375
3683140000.0,-30.0,1.1084108352661133,0.8940150141716003,-112.9842758178711,-472.9842529296875
3683180000.0,-30.0,1.1117192506790161,0.919903039932251,-113.27388763427734,-473.27386474609375
3683220000.0,-30.0,1.1151854991912842,0.9469428658485413,-113.96910858154297,-473.9691162109375
3683260000.0,-30.0,1.1187341213226318,0.97453773021698,-114.58946990966797,-474.5894775390625
3683300000.0,-30.0,1.12216317653656,1.0011202096939087,-115.06080627441406,-475.060791015625
3683340000.0,-30.0,1.122981071472168,1.0074481964111328,-115.54420471191406,-475.5442199707031
3683380000.0,-30.0,1.1304126977920532,1.0647401809692383,-116.1995620727539,-476.1995849609375
3683420000.0,-30.0,1.1345975399017334,1.0968366861343384,-116.77658081054688,-476.776611328125
3683460000.0,-30.0,1.1375558376312256,1.1194545030593872,-117.36315155029297,-477.3631896972656
3683500000.0,-30.0,1.1392641067504883,1.1324883699417114,-117.87055206298828,-477.8705749511719
3683540000.0,-30.0,1.1402968168258667,1.140358805656433,-118.46136474609375,-478.46136474609375
3683580000.0,-30.0,1.1491215229034424,1.2073193788528442,-119.18558502197266,-479.1855773925781
3683620000.0,-30.0,1.1529144048690796,1.2359416484832764,-119.79058837890625,-479.7905578613281
3683660000.0,-30.0,1.1485793590545654,1.2032195329666138,-120.40856170654297,-480.4085693359375
3683700000.0,-30.0,1.156440258026123,1.2624640464782715,-121.1648941040039,-481.1649169921875
3683740000.0,-30.0,1.1608009338378906,1.2951550483703613,-121.84233856201172,-481.84234619140625
3683780000.0,-30.0,1.1638580560684204,1.3180004358291626,-122.34953308105469,-482.34954833984375
3683820000.0,-30.0,1.1687110662460327,1.3541432619094849,-122.760986328125,-482.760986328125
3683860000.0,-30.0,1.1687040328979492,1.3540905714035034,-123.49687957763672,-483.4969177246094
3683900000.0,-30.0,1.1718461513519287,1.3774124383926392,-124.06232452392578,-484.0623474121094
3683940000.0,-30.0,1.1762958765029907,1.4103314876556396,-124.3734130859375,-484.3734130859375
3683980000.0,-30.0,1.1794610023498535,1.4336718320846558,-125.23786926269531,-485.2378845214844
3684020000.0,-30.0,1.1808799505233765,1.444115400314331,-125.44081115722656,-485.4408264160156
3684060000.0,-30.0,1.1846909523010254,1.4721015691757202,-126.19581604003906,-486.19580078125
3684100000.0,-30.0,1.1908444166183472,1.5171003341674805,-126.73946380615234,-486.73944091796875
3684140000.0,-30.0,1.1915513277053833,1.5222554206848145,-127.3562240600586,-487.3562316894531
3684180000.0,-30.0,1.1911460161209106,1.519300103187561,-127.84774017333984,-487.8477478027344
3684220000.0,-30.0,1.1967506408691406,1.5600730180740356,-128.42532348632812,-488.42535400390625
3684260000.0,-30.0,1.200418472290039,1.586653470993042,-129.00672912597656,-489.0067443847656
3684300000.0,-30.0,1.2062993049621582,1.6291022300720215,-129.53700256347656,-489.53704833984375
3684340000.0,-30.0,1.2086825370788574,1.6462451219558716,-130.35418701171875,-490.35418701171875
3684380000.0,-30.0,1.2155823707580566,1.695688247680664,-130.88064575195312,-490.88067626953125
3684420000.0,-30.0,1.2170062065124512,1.7058559656143188,-131.6036376953125,-491.6036376953125
3684460000.0,-30.0,1.2208616733551025,1.7333287000656128,-132.13595581054688,-492.1359558105469
3684500000.0,-30.0,1.2177557945251465,1.7112035751342773,-132.74960327148438,-492.7496337890625
3684540000.0,-30.0,1.2258222103118896,1.7685497999191284,-133.4249725341797,-493.42498779296875
3684580000.0,-30.0,1.2285085916519165,1.7875642776489258,-134.1066436767578,-494.1066589355469
3684620000.0,-30.0,1.2318847179412842,1.8114013671875,-134.5354766845703,-494.53546142578125
3684660000.0,-30.0,1.2325568199157715,1.8161388635635376,-135.08050537109375,-495.0805358886719
3684700000.0,-30.0,1.2369682788848877,1.847171425819397,-135.86351013183594,-495.863525390625
3684740000.0,-30.0,1.240191102027893,1.8697723150253296,-136.33584594726562,-496.3358459472656
3684780000.0,-30.0,1.2461310625076294,1.9112744331359863,-136.7599639892578,-496.7599792480469
3684820000.0,-30.0,1.2489110231399536,1.930629849433899,-137.33718872070312,-497.33721923828125
3684860000.0,-30.0,1.2492164373397827,1.9327542781829834,-137.83668518066406,-497.8367004394531
3684900000.0,-30.0,1.250042200088501,1.9384931325912476,-138.674072265625,-498.674072265625
3684940000.0,-30.0,1.253921627998352,1.9654077291488647,-139.05177307128906,-499.0517578125
3684980000.0,-30.0,1.2602146863937378,2.0088908672332764,-139.71095275878906,-499.7109680175781
3685020000.0,-30.0,1.260184645652771,2.008683681488037,-140.2405242919922,-500.24053955078125
3685060000.0,-30.0,1.265657901763916,2.0463263988494873,-140.70462036132812,-500.7046203613281
3685100000.0,-30.0,1.2704112529754639,2.078886032104492,-141.2647705078125,-501.2648010253906
3685140000.0,-30.0,1.27419912815094,2.104745864868164,-141.86135864257812,-501.8613586425781
3685180000.0,-30.0,1.2772955894470215,2.125828266143799,-142.59979248046875,-502.59979248046875
3685220000.0,-30.0,1.2731587886810303,2.097651720046997,-143.24468994140625,-503.24468994140625
3685260000.0,-30.0,1.2812952995300293,2.152984619140625,-144.0216064453125,-504.0216369628906
3685300000.0,-30.0,1.286573886871338,2.188694715499878,-144.56277465820312,-504.56280517578125
3685340000.0,-30.0,1.2862675189971924,2.186626434326172,-145.08224487304688,-505.082275390625
3685380000.0,-30.0,1.2904341220855713,2.214716911315918,-145.6427459716797,-505.6427307128906
3685420000.0,-30.0,1.295081615447998,2.2459425926208496,-146.21817016601562,-506.2181701660156
3685460000.0,-30.0,1.2942181825637817,2.24014949798584,-146.91526794433594,-506.915283203125
3685500000.0,-30.0,1.301137089729309,2.286461114883423,-147.41030883789062,-507.41033935546875
3685540000.0,-30.0,1.3002738952636719,2.2806968688964844,-148.2066192626953,-508.20660400390625
3685580000.0,-30.0,1.3059676885604858,2.318648338317871,-148.61093139648438,-508.61090087890625
3685620000.0,-30.0,1.3054800033569336,2.3154048919677734,-149.18455505371094,-509.1845397949219
3685660000.0,-30.0,1.3115880489349365,2.3559484481811523,-149.78790283203125,-509.78790283203125
3685700000.0,-30.0,1.3161964416503906,2.386414051055908,-150.35345458984375,-510.3534851074219
3685740000.0,-30.0,1.3202441930770874,2.413085699081421,-150.8914337158203,-510.89141845703125
3685780000.0,-30.0,1.3160721063613892,2.3855934143066406,-151.4667205810547,-511.46673583984375
3685820000.0,-30.0,1.3218486309051514,2.4236347675323486,-152.05702209472656,-512.0570678710938
3685860000.0,-30.0,1.3239765167236328,2.437605857849121,-152.55662536621094,-512.556640625
3685900000.0,-30.0,1.3290269374847412,2.470675468444824,-153.2510223388672,-513.2510375976562
3685940000.0,-30.0,1.3329249620437622,2.4961140155792236,-153.84788513183594,-513.8478393554688
3685980000.0,-30.0,1.3346580266952515,2.5074002742767334,-154.37098693847656,-514.3709716796875
3686020000.0,-30.0,1.338240385055542,2.5306828022003174,-154.9553985595703,-514.9553833007812
3686060000.0,-30.0,1.3434330224990845,2.5643205642700195,-155.7516326904297,-515.7516479492188
3686100000.0,-30.0,1.3482246398925781,2.595245838165283,-156.42601013183594,-516.426025390625
3686140000.0,-30.0,1.3458209037780762,2.579745054244995,-156.9595489501953,-516.9595336914062
3686180000.0,-30.0,1.3508814573287964,2.6123452186584473,-157.45677185058594,-517.456787109375
3686220000.0,-30.0,1.3582040071487427,2.6593000888824463,-158.02967834472656,-518.0296630859375
3686260000.0,-30.0,1.3574457168579102,2.654449462890625,-158.6959991455078,-518.6959838867188
3686300000.0,-30.0,1.3566762208938599,2.649523973464966,-159.26324462890625,-519.2632446289062
3686340000.0,-30.0,1.3581129312515259,2.658717632293701,-159.8590545654297,-519.8590698242188
3686380000.0,-30.0,1.3646003007888794,2.7001094818115234,-160.5267333984375,-520.5267333984375
3686420000.0,-30.0,1.3646879196166992,2.700667142868042,-161.0631103515625,-521.0631103515625
3686460000.0,-30.0,1.371864914894104,2.7462270259857178,-161.68960571289062,-521.6896362304688
3686500000.0,-30.0,1.3730806112289429,2.753920555114746,-162.24671936035156,-522.2467041015625
3686540000.0,-30.0,1.3751604557037354,2.7670676708221436,-162.79547119140625,-522.7954711914062
3686580000.0,-30.0,1.3779683113098145,2.7847847938537598,-163.39266967773438,-523.3927001953125
3686620000.0,-30.0,1.3845770359039307,2.826342821121216,-164.00338745117188,-524.0033569335938
3686660000.0,-30.0,1.3865129947662354,2.8384790420532227,-164.4989013671875,-524.4989013671875
3686700000.0,-30.0,1.3899904489517212,2.860236406326294,-165.2078857421875,-525.2078857421875
3686740000.0,-30.0,1.388451099395752,2.850612163543701,-165.72463989257812,-525.724609375
3686780000.0,-30.0,1.3937978744506836,2.8839962482452393,-166.14633178710938,-526.1463623046875
3686820000.0,-30.0,1.397584319114685,2.907560348510742,-166.8491668701172,-526.8491821289062
3686860000.0,-30.0,1.3998284339904785,2.9214961528778076,-167.5443115234375,-527.5443115234375
3686900000.0,-30.0,1.4030885696411133,2.941701889038086,-168.10365295410156,-528.1036987304688
3686940000.0,-30.0,1.4048877954483032,2.9528324604034424,-168.7911834716797,-528.7911987304688
3686980000.0,-30.0,1.4055627584457397,2.9570043087005615,-169.35606384277344,-529.3560791015625
3687020000.0,-30.0,1.4102250337600708,2.9857683181762695,-170.08224487304688,-530.0822143554688
3687060000.0,-30.0,1.413776159286499,3.007612705230713,-170.51138305664062,-530.5114135742188
3687100000.0,-30.0,1.414268136024475,3.0106348991394043,-171.26205444335938,-531.2620849609375
3687140000.0,-30.0,1.4217653274536133,3.05655837059021,-171.76519775390625,-531.7651977539062
3687180000.0,-30.0,1.4227323532104492,3.0624639987945557,-172.30384826660156,-532.3038330078125
3687220000.0,-30.0,1.424015998840332,3.0702977180480957,-172.9147491455078,-532.9147338867188
3687260000.0,-30.0,1.4263358116149902,3.0844357013702393,-173.59713745117188,-533.59716796875
3687300000.0,-30.0,1.4268479347229004,3.0875535011291504,-174.21498107910156,-534.2149658203125
3687340000.0,-30.0,1.4313299655914307,3.114795446395874,-174.7532501220703,-534.7532958984375
3687380000.0,-30.0,1.4354089498519897,3.1395130157470703,-175.37986755371094,-535.3798828125
3687420000.0,-30.0,1.4360312223434448,3.143277883529663,-175.80670166015625,-535.8067016601562
3687460000.0,-30.0,1.4411699771881104,3.1743040084838867,-176.53091430664062,-536.5309448242188
3687500000.0,-30.0,1.4430431127548218,3.185586452484131,-176.9713897705078,-536.9713745117188
3687540000.0,-30.0,1.448026418685913,3.2155301570892334,-177.63363647460938,-537.6336669921875
3687580000.0,-30.0,1.4503707885742188,3.2295804023742676,-178.08758544921875,-538.0875854492188
3687620000.0,-30.0,1.447808861732483,3.214224338531494,-178.77548217773438,-538.7755126953125
3687660000.0,-30.0,1.4529987573623657,3.245304822921753,-179.38284301757812,-539.3828125
3687700000.0,-30.0,1.456870436668396,3.2684192657470703,179.9836883544922,-540.0162963867188
